,TaMin_2m,TaMax_2m,RHMin_2m,RHMax_2m,WndAveSpd_3m,Solar_2m_Avg,Rain_1m_Tot,hour,date
2023-04-01 11:00:00,7.146,10.25,33.93,48.13,2.6695166666666665,668.4633333333334,0.0,11,2023-04-01
2023-04-01 12:00:00,9.97,13.07,26.33,35.85,2.2029,786.7866666666666,0.0,12,2023-04-01
2023-04-01 13:00:00,12.45,16.26,20.23,27.82,3.3697,826.815,0.0,13,2023-04-01
2023-04-02 11:00:00,16.12,17.57,24.77,28.29,6.361400000000001,658.5216666666668,0.0,11,2023-04-02
2023-04-02 12:00:00,16.49,18.81,22.74,26.32,6.13535,767.0083333333333,0.0,12,2023-04-02
2023-04-02 13:00:00,17.05,19.17,22.06,25.27,5.175633333333334,838.7666666666667,0.0,13,2023-04-02
2023-04-03 11:00:00,7.708,9.5,33.49,36.47,6.798383333333334,680.5166666666667,0.0,11,2023-04-03
2023-04-03 12:00:00,8.69,10.92,33.25,36.87,6.323883333333333,783.0483333333334,0.0,12,2023-04-03
2023-04-03 13:00:00,10.3,12.48,31.86,36.36,4.536600000000001,832.635,0.0,13,2023-04-03
2023-04-04 11:00:00,-2.443,-0.645,82.3,93.3,5.683766666666667,202.34,0.0,11,2023-04-04
2023-04-04 12:00:00,-1.362,-0.224,79.15,84.0,5.604216666666667,189.94833333333332,0.0,12,2023-04-04
2023-04-04 13:00:00,-1.742,-0.556,78.07,82.4,5.459966666666667,164.1616666666667,0.0,13,2023-04-04
2023-04-05 11:00:00,-1.552,0.42,41.93,49.46,6.037533333333333,633.1783333333333,0.0,11,2023-04-05
2023-04-05 12:00:00,-1.385,2.029,39.55,47.24,6.729233333333334,720.1033333333332,0.0,12,2023-04-05
2023-04-05 13:00:00,0.603,3.204,35.44,41.68,6.64935,830.2116666666666,0.0,13,2023-04-05
2023-04-06 11:00:00,7.433,9.51,35.9,40.41,5.80095,617.2316666666667,0.0,11,2023-04-06
2023-04-06 12:00:00,8.31,10.35,29.46,37.99,5.6777500000000005,582.8383333333334,0.0,12,2023-04-06
2023-04-06 13:00:00,8.31,10.68,28.41,38.77,5.792383333333333,564.5550000000001,0.0,13,2023-04-06
2023-04-07 11:00:00,9.93,13.76,21.26,26.62,7.26255,707.6083333333333,0.0,11,2023-04-07
2023-04-07 12:00:00,13.14,16.74,17.39,22.14,7.091816666666667,810.9966666666667,0.0,12,2023-04-07
2023-04-07 13:00:00,15.88,18.2,16.0,18.41,7.485600000000001,856.55,0.0,13,2023-04-07
2023-04-08 11:00:00,12.7,17.02,17.26,23.29,4.122283333333333,702.9066666666666,0.0,11,2023-04-08
2023-04-08 12:00:00,16.07,19.23,16.04,18.95,4.65565,778.2233333333334,0.0,12,2023-04-08
2023-04-08 13:00:00,18.37,21.43,13.43,17.19,5.462866666666667,761.4866666666666,0.0,13,2023-04-08
2023-04-09 11:00:00,16.73,19.57,22.19,29.78,3.667133333333333,721.5516666666666,0.0,11,2023-04-09
2023-04-09 12:00:00,18.4,20.82,18.67,23.71,2.902416666666667,703.7900000000001,0.0,12,2023-04-09
2023-04-09 13:00:00,19.71,22.07,16.84,20.66,3.5947999999999998,744.5883333333334,0.0,13,2023-04-09
2023-04-10 11:00:00,16.32,20.11,17.89,26.94,1.1970166666666666,716.4449999999999,0.0,11,2023-04-10
2023-04-10 12:00:00,19.06,20.69,17.52,21.31,1.9150833333333332,823.1916666666667,0.0,12,2023-04-10
2023-04-10 13:00:00,20.22,22.11,16.37,19.95,2.126116666666667,870.3666666666667,0.0,13,2023-04-10
2023-04-11 11:00:00,21.49,23.92,17.11,20.3,8.159766666666666,725.6066666666667,0.0,11,2023-04-11
2023-04-11 12:00:00,23.44,25.75,16.87,18.87,7.249066666666667,827.7866666666666,0.0,12,2023-04-11
2023-04-11 13:00:00,25.04,27.82,13.35,18.06,7.08045,874.8333333333334,0.0,13,2023-04-11
2023-04-12 11:00:00,18.67,21.62,39.0,48.31,3.79195,715.3516666666667,0.0,11,2023-04-12
2023-04-12 12:00:00,20.67,24.33,32.8,41.36,3.7349166666666664,816.215,0.0,12,2023-04-12
2023-04-12 13:00:00,23.62,27.25,25.93,36.62,5.023133333333333,861.2,0.0,13,2023-04-12
2023-04-13 11:00:00,22.92,26.31,21.57,30.47,4.441516666666667,715.4533333333333,0.0,11,2023-04-13
2023-04-13 12:00:00,25.97,28.94,18.66,23.36,5.981616666666667,818.1216666666667,0.0,12,2023-04-13
2023-04-13 13:00:00,28.37,30.71,16.97,20.15,7.141916666666666,883.7283333333332,0.0,13,2023-04-13
2023-04-14 11:00:00,8.88,10.54,51.33,56.14,7.53855,278.19166666666666,0.0,11,2023-04-14
2023-04-14 12:00:00,9.59,11.01,48.86,52.82,6.7355833333333335,292.89500000000004,0.0,12,2023-04-14
2023-04-14 13:00:00,9.59,10.72,49.47,52.34,6.043466666666666,173.785,0.0,13,2023-04-14
2023-04-15 11:00:00,4.371,5.745,63.38,74.22,6.536683333333333,274.375,0.0,11,2023-04-15
2023-04-15 12:00:00,4.653,5.84,60.29,73.24,6.34455,277.2033333333333,0.0,12,2023-04-15
2023-04-15 13:00:00,5.212,6.498,52.74,65.38,5.928866666666666,228.87833333333336,0.0,13,2023-04-15
2023-04-16 11:00:00,8.32,11.01,27.56,36.17,6.66895,744.4933333333333,0.0,11,2023-04-16
2023-04-16 12:00:00,10.11,12.29,22.52,29.12,6.06985,847.95,0.0,12,2023-04-16
2023-04-16 13:00:00,11.14,13.73,17.5,25.86,5.887266666666666,895.8333333333334,0.0,13,2023-04-16
2023-04-17 11:00:00,14.44,17.87,19.62,24.34,4.6771666666666665,742.425,0.0,11,2023-04-17
2023-04-17 12:00:00,17.39,20.3,18.06,21.62,4.305516666666667,834.205,0.0,12,2023-04-17
2023-04-17 13:00:00,19.97,22.94,14.54,19.35,3.397266666666667,888.9833333333333,0.0,13,2023-04-17
2023-04-18 11:00:00,13.35,18.72,33.33,42.51,1.7731666666666668,645.0616666666666,0.0,11,2023-04-18
2023-04-18 12:00:00,18.2,20.77,31.39,36.4,2.567133333333333,590.245,0.0,12,2023-04-18
2023-04-18 13:00:00,20.29,21.48,30.1,32.34,3.4145166666666666,489.99833333333333,0.0,13,2023-04-18
2023-04-19 11:00:00,16.32,18.15,14.79,19.43,6.215599999999999,737.065,0.0,11,2023-04-19
2023-04-19 12:00:00,17.53,19.85,8.93,15.9,6.3206,735.06,0.0,12,2023-04-19
2023-04-19 13:00:00,18.35,19.97,7.847,9.41,6.3198,752.86,0.0,13,2023-04-19
2023-04-20 11:00:00,8.51,10.96,30.0,41.99,7.021649999999999,710.2816666666666,0.0,11,2023-04-20
2023-04-20 12:00:00,9.92,12.62,26.21,32.3,7.7213,743.1833333333333,0.0,12,2023-04-20
2023-04-20 13:00:00,9.77,13.71,23.63,31.86,6.577233333333334,512.0533333333334,0.0,13,2023-04-20
2023-04-21 11:00:00,3.659,5.932,32.86,39.33,6.1180666666666665,715.5883333333334,0.0,11,2023-04-21
2023-04-21 12:00:00,4.931,8.04,29.29,34.28,6.1956,792.1433333333333,0.0,12,2023-04-21
2023-04-21 13:00:00,6.475,9.41,27.46,31.97,7.201233333333334,836.5550000000001,0.0,13,2023-04-21
2023-04-22 11:00:00,2.867,5.935,28.73,41.84,5.68065,753.3433333333334,0.0,11,2023-04-22
2023-04-22 12:00:00,4.414,7.715,22.69,32.48,6.034916666666667,854.6833333333333,0.0,12,2023-04-22
2023-04-22 13:00:00,5.77,8.51,21.4,26.35,5.462266666666666,903.3383333333334,0.0,13,2023-04-22
2023-04-23 11:00:00,7.092,10.2,26.41,32.92,2.143466666666667,761.5716666666667,0.0,11,2023-04-23
2023-04-23 12:00:00,8.83,11.74,23.49,28.88,2.6038644067796612,863.4745762711865,0.0,12,2023-04-23
2023-04-23 13:00:00,10.32,13.16,21.09,27.21,3.22045,921.9216666666667,0.0,13,2023-04-23
2023-04-24 11:00:00,14.28,16.92,32.01,35.29,2.6527499999999997,737.1033333333332,0.0,11,2023-04-24
2023-04-24 12:00:00,16.11,18.59,31.57,34.99,3.879833333333333,859.38,0.0,12,2023-04-24
2023-04-24 13:00:00,17.36,19.73,26.31,34.3,5.028483333333333,780.5216666666668,0.0,13,2023-04-24
2023-04-25 11:00:00,10.58,12.71,54.2,60.06,2.6936666666666667,549.7383333333333,0.0,11,2023-04-25
2023-04-25 12:00:00,11.64,12.97,52.77,57.54,2.9212,476.7933333333333,0.0,12,2023-04-25
2023-04-25 13:00:00,11.83,13.06,52.67,56.66,2.9519666666666664,231.22833333333335,0.0,13,2023-04-25
2023-04-26 11:00:00,12.74,15.02,40.13,53.89,1.9962166666666665,670.2800000000001,0.0,11,2023-04-26
2023-04-26 12:00:00,12.7,15.78,39.22,47.44,2.3272166666666667,492.9483333333334,0.0,12,2023-04-26
2023-04-26 13:00:00,14.22,15.45,35.46,41.55,2.1454833333333334,386.2683333333333,0.0,13,2023-04-26
2023-04-27 11:00:00,11.15,17.71,39.7,63.79,7.338383333333334,677.0233333333333,0.0,11,2023-04-27
2023-04-27 12:00:00,17.32,19.95,30.72,42.27,7.312316666666666,850.3349999999999,0.0,12,2023-04-27
2023-04-27 13:00:00,19.03,21.48,26.38,32.81,6.412533333333333,865.7233333333334,0.0,13,2023-04-27
2023-04-28 11:00:00,8.79,12.15,39.28,51.53,8.0042,469.08,0.0,11,2023-04-28
2023-04-28 12:00:00,9.54,11.01,43.85,48.55,7.642783333333333,290.31666666666666,0.0,12,2023-04-28
2023-04-28 13:00:00,9.83,11.77,37.11,45.51,7.3619,268.77000000000004,0.0,13,2023-04-28
2023-04-29 11:00:00,18.1,19.66,21.11,28.96,8.421416666666666,774.6633333333334,0.0,11,2023-04-29
2023-04-29 12:00:00,18.64,20.39,18.94,24.08,8.697716666666668,873.9833333333333,0.0,12,2023-04-29
2023-04-29 13:00:00,18.59,20.72,17.32,20.02,9.070549999999999,909.7083333333334,0.0,13,2023-04-29
2023-04-30 11:00:00,10.02,12.29,24.17,30.27,7.1545,789.0699999999999,0.0,11,2023-04-30
2023-04-30 12:00:00,11.44,13.25,18.55,25.8,7.035633333333333,887.9666666666667,0.0,12,2023-04-30
2023-04-30 13:00:00,12.12,14.25,16.86,21.36,6.798383333333334,929.6166666666667,0.0,13,2023-04-30
2023-05-01 11:00:00,10.7,13.24,26.33,32.19,1.8999166666666667,787.3683333333333,0.0,11,2023-05-01
2023-05-01 12:00:00,12.29,14.93,24.29,29.84,1.9530666666666667,883.0833333333334,0.0,12,2023-05-01
2023-05-01 13:00:00,13.74,16.49,19.86,26.66,2.3361,925.2,0.0,13,2023-05-01
2023-05-02 11:00:00,10.6,13.77,29.58,36.49,1.7197333333333333,794.1550000000001,0.0,11,2023-05-02
2023-05-02 12:00:00,12.76,16.16,22.94,32.76,1.6897666666666666,890.3666666666667,0.0,12,2023-05-02
2023-05-02 13:00:00,14.98,17.1,20.06,26.12,1.9524000000000001,931.0833333333334,0.0,13,2023-05-02
2023-05-03 11:00:00,17.15,20.51,16.65,19.69,5.688116666666667,654.7083333333334,0.0,11,2023-05-03
2023-05-03 12:00:00,19.5,21.9,18.54,23.71,6.0825499999999995,827.2166666666667,0.0,12,2023-05-03
2023-05-03 13:00:00,21.24,23.86,19.04,24.41,6.110883333333334,881.2583333333333,0.0,13,2023-05-03
2023-05-04 11:00:00,18.7,22.49,45.99,61.37,2.1882333333333337,769.705,0.0,11,2023-05-04
2023-05-04 12:00:00,21.92,24.47,41.35,48.86,3.4173,806.525,0.0,12,2023-05-04
2023-05-04 13:00:00,23.33,25.78,35.09,44.6,3.1084666666666667,842.1216666666667,0.0,13,2023-05-04
2023-05-05 11:00:00,17.55,20.17,49.13,70.62,1.3813,772.0933333333334,0.0,11,2023-05-05
2023-05-05 12:00:00,19.84,21.96,43.28,54.88,1.1485999999999998,865.15,0.0,12,2023-05-05
2023-05-05 13:00:00,21.49,23.1,39.8,52.14,1.8045499999999999,906.3833333333333,0.0,13,2023-05-05
2023-05-06 11:00:00,15.97,18.5,62.54,76.67,1.5318166666666666,779.1716666666667,0.0,11,2023-05-06
2023-05-06 12:00:00,17.74,20.39,49.18,71.47,1.5892666666666666,868.4683333333334,0.0,12,2023-05-06
2023-05-06 13:00:00,19.2,21.21,46.43,62.67,1.6786333333333334,911.6333333333333,0.0,13,2023-05-06
2023-05-07 11:00:00,20.1,21.93,47.48,59.7,3.057666666666667,782.6550000000001,0.0,11,2023-05-07
2023-05-07 12:00:00,21.21,23.15,42.54,54.81,2.4240666666666666,859.02,0.0,12,2023-05-07
2023-05-07 13:00:00,22.15,23.86,41.15,50.38,2.5396333333333336,844.035,0.0,13,2023-05-07
2023-05-08 11:00:00,17.58,19.54,42.46,53.42,1.86045,784.1866666666666,0.0,11,2023-05-08
2023-05-08 12:00:00,19.21,21.35,37.23,50.53,2.1195,878.3166666666667,0.0,12,2023-05-08
2023-05-08 13:00:00,21.21,23.72,26.37,43.86,2.27,916.0166666666667,0.0,13,2023-05-08
2023-05-09 11:00:00,16.35,18.24,61.07,71.87,3.480766666666667,284.3113333333333,0.0,11,2023-05-09
2023-05-09 12:00:00,16.63,18.91,61.28,70.51,3.7966166666666665,811.6550000000001,0.0,12,2023-05-09
2023-05-09 13:00:00,18.22,19.96,57.94,65.93,4.0148,902.3,0.0,13,2023-05-09
2023-05-10 11:00:00,14.95,18.34,74.57,85.9,2.3579833333333338,676.99,0.0,11,2023-05-10
2023-05-10 12:00:00,17.87,20.29,71.81,82.6,2.3462833333333335,790.0733333333334,0.0,12,2023-05-10
2023-05-10 13:00:00,19.08,20.86,71.13,80.6,3.787183333333333,810.0366666666666,0.254,13,2023-05-10
2023-05-11 11:00:00,19.25,21.05,68.73,76.78,2.8206333333333333,525.34,0.0,11,2023-05-11
2023-05-11 12:00:00,20.44,22.58,66.08,75.43,2.97305,674.1983333333334,0.0,12,2023-05-11
2023-05-11 13:00:00,21.59,23.1,62.96,71.78,3.379566666666667,579.9050000000001,0.0,13,2023-05-11
2023-05-12 11:00:00,12.05,13.52,97.9,99.9,2.2604666666666664,145.05716666666666,0.508,11,2023-05-12
2023-05-12 12:00:00,12.94,15.24,90.9,98.2,2.6306000000000003,262.81166666666667,0.0,12,2023-05-12
2023-05-12 13:00:00,14.58,16.31,82.9,93.8,3.2119666666666666,646.3,0.0,13,2023-05-12
2023-05-13 11:00:00,17.25,19.02,65.52,74.2,5.616716666666666,631.8583333333333,0.0,11,2023-05-13
2023-05-13 12:00:00,18.21,20.77,60.24,71.27,4.725016666666666,728.77,0.0,12,2023-05-13
2023-05-13 13:00:00,19.35,20.72,58.41,70.93,5.0694,804.39,0.0,13,2023-05-13
2023-05-14 11:00:00,12.92,14.2,81.4,91.4,4.910566666666667,136.73833333333332,0.0,11,2023-05-14
2023-05-14 12:00:00,12.88,13.87,80.2,85.4,5.255733333333334,170.66833333333335,0.0,12,2023-05-14
2023-05-14 13:00:00,13.06,14.3,76.73,82.7,5.134200000000001,177.95499999999998,0.0,13,2023-05-14
2023-05-15 11:00:00,11.06,12.38,85.5,93.5,4.095433333333333,167.965,0.0,11,2023-05-15
2023-05-15 12:00:00,11.58,12.62,82.9,89.3,4.3405000000000005,172.2,0.0,12,2023-05-15
2023-05-15 13:00:00,11.94,12.6,83.5,88.3,3.890233333333333,157.31866666666667,0.0,13,2023-05-15
2023-05-16 11:00:00,12.12,16.92,56.03,97.5,1.17405,804.2333333333333,0.0,11,2023-05-16
2023-05-16 12:00:00,16.72,18.97,38.59,61.34,1.1574666666666666,887.7,0.0,12,2023-05-16
2023-05-16 13:00:00,18.54,20.1,35.01,48.23,1.6297833333333334,925.4833333333333,0.0,13,2023-05-16
2023-05-17 11:00:00,20.25,22.35,46.06,59.97,4.1087,770.4300000000001,0.0,11,2023-05-17
2023-05-17 12:00:00,21.73,23.2,40.74,52.72,4.241966666666666,865.7,0.0,12,2023-05-17
2023-05-17 13:00:00,22.86,24.38,39.76,48.55,4.260933333333333,908.6166666666667,0.0,13,2023-05-17
2023-05-18 11:00:00,14.72,17.54,54.24,68.67,2.4102166666666665,531.1483333333333,0.0,11,2023-05-18
2023-05-18 12:00:00,16.78,19.37,50.41,63.0,1.9348833333333333,651.11,0.0,12,2023-05-18
2023-05-18 13:00:00,18.64,20.58,47.83,61.19,1.6369333333333331,643.985,0.0,13,2023-05-18
2023-05-19 11:00:00,12.03,14.34,48.81,55.95,5.6212333333333335,775.7583333333333,0.0,11,2023-05-19
2023-05-19 12:00:00,13.77,15.55,45.98,54.11,5.6375166666666665,847.725,0.0,12,2023-05-19
2023-05-19 13:00:00,14.6,17.01,37.35,51.87,5.291383333333333,886.3733333333333,0.0,13,2023-05-19
2023-05-20 11:00:00,16.11,18.41,43.23,57.76,2.9106666666666667,808.8933333333333,0.0,11,2023-05-20
2023-05-20 12:00:00,17.79,19.16,39.61,50.7,2.9148666666666667,899.4166666666666,0.0,12,2023-05-20
2023-05-20 13:00:00,18.35,20.39,37.14,48.1,3.2286,910.0333333333333,0.0,13,2023-05-20
2023-05-21 11:00:00,19.35,21.64,49.88,62.88,3.0752,698.935,0.0,11,2023-05-21
2023-05-21 12:00:00,21.12,23.24,46.46,57.65,3.855566666666667,770.9449999999999,0.0,12,2023-05-21
2023-05-21 13:00:00,22.63,23.86,45.98,55.86,4.457433333333333,866.86,0.0,13,2023-05-21
2023-05-22 11:00:00,19.77,22.16,60.19,77.01,2.3607500000000003,655.8733333333333,0.0,11,2023-05-22
2023-05-22 12:00:00,21.63,23.34,53.15,69.69,3.5816,752.9683333333334,0.0,12,2023-05-22
2023-05-22 13:00:00,22.86,24.38,45.17,61.4,4.464266666666666,798.65,0.0,13,2023-05-22
2023-05-23 11:00:00,19.16,20.95,65.21,77.42,3.2892333333333337,662.63,0.0,11,2023-05-23
2023-05-23 12:00:00,20.47,22.15,60.25,70.95,3.7251666666666665,713.435,0.0,12,2023-05-23
2023-05-23 13:00:00,21.54,22.82,55.89,67.19,4.133333333333334,777.4933333333333,0.0,13,2023-05-23
2023-05-24 11:00:00,20.06,21.9,56.35,64.6,4.3094833333333336,684.7083333333334,0.0,11,2023-05-24
2023-05-24 12:00:00,21.11,23.24,51.83,60.97,4.944133333333334,762.2133333333334,0.0,12,2023-05-24
2023-05-24 13:00:00,21.78,23.29,51.16,58.02,5.3581666666666665,611.745,0.0,13,2023-05-24
2023-05-25 11:00:00,19.96,21.79,64.94,74.58,4.575166666666666,604.4133333333334,0.0,11,2023-05-25
2023-05-25 12:00:00,20.31,21.59,63.63,72.49,5.25405,534.4516666666666,0.0,12,2023-05-25
2023-05-25 13:00:00,20.59,22.82,56.06,69.25,5.554633333333333,668.5733333333334,0.0,13,2023-05-25
2023-05-26 11:00:00,14.77,15.72,91.5,94.9,4.891050000000001,39.676500000000004,1.016,11,2023-05-26
2023-05-26 12:00:00,15.06,15.72,92.1,94.2,4.976216666666667,21.816166666666668,0.254,12,2023-05-26
2023-05-26 13:00:00,15.06,17.0,86.6,93.5,4.848483333333333,127.49033333333334,0.254,13,2023-05-26
2023-05-27 11:00:00,18.6,20.58,71.4,80.6,6.819183333333333,640.4933333333333,0.0,11,2023-05-27
2023-05-27 12:00:00,19.68,21.9,66.29,77.83,6.98025,794.7233333333334,0.0,12,2023-05-27
2023-05-27 13:00:00,21.14,22.96,61.95,71.56,7.128566666666667,889.3816666666667,0.0,13,2023-05-27
2023-05-28 11:00:00,17.96,19.73,68.89,79.02,5.033733333333333,748.815,0.0,11,2023-05-28
2023-05-28 12:00:00,19.02,20.91,62.44,76.44,3.9857666666666662,729.2266666666667,0.0,12,2023-05-28
2023-05-28 13:00:00,20.05,20.9,67.2,77.13,3.40865,668.86,0.0,13,2023-05-28
2023-05-29 11:00:00,21.17,23.76,59.1,77.0,1.2150333333333334,796.0483333333334,0.0,11,2023-05-29
2023-05-29 12:00:00,22.85,25.2,48.41,71.07,1.4865166666666667,885.3,0.0,12,2023-05-29
2023-05-29 13:00:00,24.83,26.2,45.43,63.62,2.40645,918.25,0.0,13,2023-05-29
2023-05-30 11:00:00,21.78,24.56,54.43,73.84,1.6735666666666666,768.7199999999999,0.0,11,2023-05-30
2023-05-30 12:00:00,23.99,25.11,54.73,67.98,2.06405,793.7033333333333,0.0,12,2023-05-30
2023-05-30 13:00:00,24.73,25.96,54.39,68.72,2.6148666666666665,924.3166666666667,0.0,13,2023-05-30
2023-05-31 11:00:00,21.69,23.05,48.89,62.45,2.7441666666666666,802.9050000000001,0.0,11,2023-05-31
2023-05-31 12:00:00,22.72,24.38,44.09,59.37,3.765416666666667,880.9433333333333,0.0,12,2023-05-31
2023-05-31 13:00:00,23.86,25.56,41.05,56.19,3.2734666666666663,881.615,0.0,13,2023-05-31
2023-06-01 11:00:00,20.25,21.01,60.48,70.83,2.3947166666666666,178.62833333333336,0.0,11,2023-06-01
2023-06-01 12:00:00,20.15,23.47,55.0,66.87,4.06165,535.4586206896552,0.0,12,2023-06-01
2023-06-01 13:00:00,20.26,23.51,56.65,69.96,4.603633333333334,329.87931034482756,0.0,13,2023-06-01
2023-06-02 11:00:00,18.66,20.53,74.38,81.3,4.121083333333333,379.49833333333333,0.0,11,2023-06-02
2023-06-02 12:00:00,20.2,22.08,68.93,76.27,3.883283333333333,640.4220338983051,0.0,12,2023-06-02
2023-06-02 13:00:00,20.21,22.21,68.74,77.3,3.5238,273.85833333333335,0.0,13,2023-06-02
2023-06-03 11:00:00,19.16,21.81,63.01,82.0,1.4412666666666667,449.455,0.0,11,2023-06-03
2023-06-03 12:00:00,21.43,23.38,51.29,69.0,1.6275666666666666,648.2366666666666,0.0,12,2023-06-03
2023-06-03 13:00:00,15.76,23.72,50.96,93.1,2.728916666666666,213.4921666666667,1.016,13,2023-06-03
2023-06-04 11:00:00,22.77,24.51,56.09,73.78,1.8327666666666667,839.9416666666667,0.0,11,2023-06-04
2023-06-04 12:00:00,23.7,25.21,44.76,67.24,1.7735666666666667,864.0833333333334,0.0,12,2023-06-04
2023-06-04 13:00:00,23.88,25.82,38.47,56.79,2.1667166666666664,876.7900000000001,0.0,13,2023-06-04
2023-06-05 11:00:00,23.42,25.06,42.15,60.88,0.8706666666666667,825.9983333333333,0.0,11,2023-06-05
2023-06-05 12:00:00,24.25,25.72,43.57,58.61,1.21665,890.275,0.0,12,2023-06-05
2023-06-05 13:00:00,24.15,26.24,41.71,56.95,2.3375833333333333,990.41,0.0,13,2023-06-05
2023-06-06 11:00:00,23.94,25.25,44.59,58.19,1.6513166666666665,837.36,0.0,11,2023-06-06
2023-06-06 12:00:00,24.88,26.48,44.82,55.95,1.5910333333333333,934.1166666666667,0.0,12,2023-06-06
2023-06-06 13:00:00,25.39,27.13,38.26,55.97,1.8924999999999998,1003.5,0.0,13,2023-06-06
2023-06-07 11:00:00,24.64,26.28,47.02,62.64,0.8184166666666666,843.675,0.0,11,2023-06-07
2023-06-07 12:00:00,25.94,27.21,39.17,52.93,1.4262666666666666,930.1916666666667,0.0,12,2023-06-07
2023-06-07 13:00:00,26.98,28.07,35.38,52.35,1.7123833333333331,1004.5616666666666,0.0,13,2023-06-07
2023-06-08 11:00:00,26.01,28.68,33.76,60.04,0.7641666666666667,845.8983333333333,0.0,11,2023-06-08
2023-06-08 12:00:00,27.96,28.99,32.3,45.08,1.0518666666666667,945.9666666666667,0.0,12,2023-06-08
2023-06-08 13:00:00,27.95,29.65,31.93,47.31,1.3054833333333333,882.955,0.0,13,2023-06-08
2023-06-09 11:00:00,26.25,28.35,40.69,58.21,0.9492499999999999,834.09,0.0,11,2023-06-09
2023-06-09 12:00:00,27.96,29.23,36.97,52.98,1.6820166666666667,927.95,0.0,12,2023-06-09
2023-06-09 13:00:00,28.38,30.6,35.01,48.56,2.2206333333333332,952.6066666666667,0.0,13,2023-06-09
2023-06-10 11:00:00,21.73,24.19,58.12,75.12,2.99065,732.325,0.0,11,2023-06-10
2023-06-10 12:00:00,22.63,24.8,55.32,69.28,3.0632333333333337,681.0233333333333,0.0,12,2023-06-10
2023-06-10 13:00:00,23.37,25.36,52.81,65.32,2.636483333333333,912.3266666666666,0.0,13,2023-06-10
2023-06-11 11:00:00,18.27,20.34,59.9,70.6,5.018866666666667,663.495,0.0,11,2023-06-11
2023-06-11 12:00:00,19.02,21.15,53.31,67.04,4.079733333333333,783.3933333333333,0.0,12,2023-06-11
2023-06-11 13:00:00,19.95,21.14,48.64,58.82,3.653566666666667,594.2633333333334,0.0,13,2023-06-11
2023-06-12 11:00:00,17.49,19.07,46.0,57.47,1.7714333333333334,737.6466666666668,0.0,11,2023-06-12
2023-06-12 12:00:00,18.54,19.96,44.41,57.06,1.7772833333333333,704.74,0.0,12,2023-06-12
2023-06-12 13:00:00,18.64,20.44,44.68,55.23,3.0147833333333334,761.605,0.0,13,2023-06-12
2023-06-13 11:00:00,19.79,22.15,44.53,67.8,1.3772166666666665,876.0016666666667,0.0,11,2023-06-13
2023-06-13 12:00:00,21.16,22.72,35.0,56.8,1.7998666666666667,961.0666666666667,0.0,12,2023-06-13
2023-06-13 13:00:00,21.91,23.57,34.55,48.99,1.58165,990.7533333333333,0.0,13,2023-06-13
2023-06-14 11:00:00,22.87,24.6,33.2,43.08,1.4263833333333333,808.4416666666667,0.0,11,2023-06-14
2023-06-14 12:00:00,23.84,25.21,31.78,40.53,1.3402333333333334,897.2833333333333,0.0,12,2023-06-14
2023-06-14 13:00:00,24.5,26.58,30.76,38.87,1.5746333333333333,921.1616666666666,0.0,13,2023-06-14
2023-06-15 11:00:00,25.32,27.19,36.68,43.95,5.102083333333334,792.8416666666667,0.0,11,2023-06-15
2023-06-15 12:00:00,26.24,28.28,33.97,41.07,3.88625,817.2383333333333,0.0,12,2023-06-15
2023-06-15 13:00:00,26.9,29.3,32.14,40.93,3.1738166666666667,951.6283333333333,0.0,13,2023-06-15
2023-06-16 11:00:00,18.08,19.56,73.65,80.1,3.50565,284.62166666666667,0.0,11,2023-06-16
2023-06-16 12:00:00,18.74,20.67,68.36,77.16,3.9201333333333332,548.4551724137931,0.0,12,2023-06-16
2023-06-16 13:00:00,18.97,21.95,61.83,74.14,4.055733333333333,812.5842105263158,0.0,13,2023-06-16
2023-06-17 11:00:00,17.11,18.47,49.19,64.93,1.3237666666666668,526.1666666666666,0.0,11,2023-06-17
2023-06-17 12:00:00,18.03,20.01,47.35,61.97,1.2396333333333334,897.4033333333333,0.0,12,2023-06-17
2023-06-17 13:00:00,19.44,21.68,43.92,57.6,1.4670666666666667,962.8833333333333,0.0,13,2023-06-17
2023-06-18 11:00:00,24.14,26.76,34.89,51.12,1.6733666666666667,838.5766666666666,0.0,11,2023-06-18
2023-06-18 12:00:00,26.38,28.18,31.4,40.97,3.0237833333333333,928.2666666666667,0.0,12,2023-06-18
2023-06-18 13:00:00,26.99,28.78,33.97,39.54,3.7310666666666665,940.525,0.0,13,2023-06-18
2023-06-19 11:00:00,27.1,28.6,41.98,48.85,4.929883333333334,832.605,0.0,11,2023-06-19
2023-06-19 12:00:00,28.08,29.91,41.37,48.3,4.818616666666667,923.15,0.0,12,2023-06-19
2023-06-19 13:00:00,29.34,30.8,39.95,45.39,5.362116666666666,960.3,0.0,13,2023-06-19
2023-06-20 11:00:00,23.68,24.81,65.36,70.37,4.42865,365.26666666666665,0.0,11,2023-06-20
2023-06-20 12:00:00,22.86,24.43,68.81,77.09,4.937283333333334,246.40166666666667,0.0,12,2023-06-20
2023-06-20 13:00:00,23.53,26.46,61.74,71.75,4.85315,419.22166666666664,0.0,13,2023-06-20
2023-06-21 11:00:00,21.68,23.76,66.37,79.63,1.8257166666666669,398.62333333333333,0.0,11,2023-06-21
2023-06-21 12:00:00,23.48,26.4,61.16,72.86,1.9041166666666667,709.7783333333333,0.0,12,2023-06-21
2023-06-21 13:00:00,24.21,25.92,60.81,72.31,2.46855,739.3766666666667,0.0,13,2023-06-21
2023-06-22 11:00:00,20.82,22.94,74.06,86.0,2.0521333333333334,431.80833333333334,0.0,11,2023-06-22
2023-06-22 12:00:00,22.44,23.57,70.77,80.2,2.336316666666667,535.75,0.0,12,2023-06-22
2023-06-22 13:00:00,23.1,24.74,62.98,79.56,2.759516666666667,839.135,0.0,13,2023-06-22
2023-06-23 11:00:00,22.25,24.0,67.93,81.5,1.8669166666666668,383.8283333333333,0.0,11,2023-06-23
2023-06-23 12:00:00,23.62,25.93,56.63,72.29,2.935016666666667,865.7199999999999,0.0,12,2023-06-23
2023-06-23 13:00:00,25.06,27.53,52.33,64.4,2.6502333333333334,876.8482758620689,0.0,13,2023-06-23
2023-06-24 11:00:00,22.7,25.51,38.14,66.26,3.6744166666666667,841.1550000000001,0.0,11,2023-06-24
2023-06-24 12:00:00,24.85,26.26,34.38,46.49,5.186133333333333,928.6333333333333,0.0,12,2023-06-24
2023-06-24 13:00:00,25.93,27.2,28.23,40.3,4.783783333333333,975.9166666666666,0.0,13,2023-06-24
2023-06-25 11:00:00,21.19,22.86,39.49,48.44,3.8874166666666667,834.975,0.0,11,2023-06-25
2023-06-25 12:00:00,21.96,23.81,33.14,45.17,3.7127166666666667,927.6,0.0,12,2023-06-25
2023-06-25 13:00:00,23.34,24.95,31.58,40.85,3.7166,969.9166666666666,0.0,13,2023-06-25
2023-06-26 11:00:00,24.0,25.39,37.83,50.98,2.7373166666666666,866.6033333333332,0.0,11,2023-06-26
2023-06-26 12:00:00,23.97,25.58,38.84,50.74,2.31015,821.9633333333334,0.0,12,2023-06-26
2023-06-26 13:00:00,25.11,26.63,36.85,45.6,2.3224,955.45,0.0,13,2023-06-26
2023-06-27 11:00:00,21.9,23.86,54.68,62.57,4.015533333333334,570.85,0.0,11,2023-06-27
2023-06-27 12:00:00,23.15,25.14,49.94,60.79,5.36625,815.0366666666666,0.0,12,2023-06-27
2023-06-27 13:00:00,24.24,26.21,49.9,55.65,6.2306,913.0166666666667,0.0,13,2023-06-27
2023-06-28 11:00:00,24.18,26.49,58.72,68.09,4.582583333333333,796.8333333333334,0.0,11,2023-06-28
2023-06-28 12:00:00,26.06,27.9,52.94,63.18,4.394216666666667,890.2833333333333,0.0,12,2023-06-28
2023-06-28 13:00:00,27.14,29.3,49.11,57.56,3.87245,932.5666666666667,0.0,13,2023-06-28
2023-06-29 11:00:00,24.05,25.63,49.73,60.54,1.61205,814.4766666666667,0.0,11,2023-06-29
2023-06-29 12:00:00,24.92,26.76,46.11,56.18,1.1928833333333335,890.02,0.0,12,2023-06-29
2023-06-29 13:00:00,26.0,27.65,44.18,56.65,1.37755,938.6166666666667,0.0,13,2023-06-29
2023-06-30 11:00:00,19.54,20.67,74.58,83.1,1.5581833333333333,289.7916666666667,0.0,11,2023-06-30
2023-06-30 12:00:00,20.34,21.86,71.5,80.1,1.2724333333333333,389.0833333333333,0.0,12,2023-06-30
2023-06-30 13:00:00,20.52,22.69,67.94,80.1,1.58455,482.37833333333333,0.0,13,2023-06-30
2023-07-01 11:00:00,16.78,19.76,77.01,93.2,2.242166666666667,376.68333333333334,0.0,11,2023-07-01
2023-07-01 12:00:00,18.7,20.82,72.83,93.3,3.2590833333333333,513.4456140350877,0.0,12,2023-07-01
2023-07-01 13:00:00,20.53,22.07,64.4,85.1,3.50595,888.5583333333333,0.0,13,2023-07-01
2023-07-02 11:00:00,25.97,27.9,44.86,57.74,3.094933333333333,807.0699999999999,0.0,11,2023-07-02
2023-07-02 12:00:00,27.47,29.06,39.0,52.36,3.0583,899.7166666666667,0.0,12,2023-07-02
2023-07-02 13:00:00,28.54,29.62,36.4,48.19,3.0048000000000004,942.1833333333333,0.0,13,2023-07-02
2023-07-03 11:00:00,25.68,28.18,43.37,55.44,3.65655,807.0683333333333,0.0,11,2023-07-03
2023-07-03 12:00:00,27.56,29.3,42.42,50.23,4.30695,899.6833333333333,0.0,12,2023-07-03
2023-07-03 13:00:00,28.97,30.33,38.32,49.01,4.301366666666667,941.8666666666667,0.0,13,2023-07-03
2023-07-04 11:00:00,24.28,25.88,53.48,59.77,5.4299333333333335,808.3633333333333,0.0,11,2023-07-04
2023-07-04 12:00:00,24.4,26.3,51.86,61.36,4.589383333333333,541.4965517241379,0.0,12,2023-07-04
2023-07-04 13:00:00,24.98,27.91,49.7,59.02,4.277950000000001,587.6866666666666,0.0,13,2023-07-04
2023-07-05 11:00:00,13.78,15.34,80.3,89.6,4.1097,321.1666666666667,0.0,11,2023-07-05
2023-07-05 12:00:00,14.77,15.42,75.97,84.3,3.78375,144.265,0.0,12,2023-07-05
2023-07-05 13:00:00,13.68,15.37,77.94,88.4,3.7203166666666667,103.90333333333334,0.0,13,2023-07-05
2023-07-06 11:00:00,13.39,14.82,86.2,91.2,1.4567333333333332,140.39583333333334,0.0,11,2023-07-06
2023-07-06 12:00:00,14.29,16.88,78.75,88.6,2.1301666666666668,253.66666666666666,0.0,12,2023-07-06
2023-07-06 13:00:00,16.59,18.24,74.13,82.4,1.9232,405.37,0.0,13,2023-07-06
2023-07-07 11:00:00,20.49,23.01,57.52,78.91,3.619466666666667,792.9733333333334,0.0,11,2023-07-07
2023-07-07 12:00:00,22.63,24.52,53.09,64.58,2.9076,877.5849999999999,0.0,12,2023-07-07
2023-07-07 13:00:00,23.81,25.37,48.65,62.25,4.037716666666666,920.615,0.0,13,2023-07-07
2023-07-08 11:00:00,15.74,17.11,74.67,84.8,0.9502,251.375,0.0,11,2023-07-08
2023-07-08 12:00:00,16.78,19.35,60.28,81.3,1.6652,601.5545454545454,0.0,12,2023-07-08
2023-07-08 13:00:00,18.54,19.35,59.19,70.19,1.5671666666666666,351.79833333333335,0.0,13,2023-07-08
2023-07-09 11:00:00,19.68,21.87,65.9,74.72,3.491116666666666,796.615,0.0,11,2023-07-09
2023-07-09 12:00:00,21.54,23.72,59.68,72.7,3.172683333333333,834.5566666666667,0.0,12,2023-07-09
2023-07-09 13:00:00,22.86,24.98,53.62,68.4,3.3855166666666667,843.3362068965517,0.0,13,2023-07-09
2023-07-10 11:00:00,26.16,28.88,54.99,68.89,3.346983333333333,785.6483333333333,0.0,11,2023-07-10
2023-07-10 12:00:00,28.5,30.57,47.41,60.87,4.5411,878.9833333333333,0.0,12,2023-07-10
2023-07-10 13:00:00,30.09,31.55,43.25,51.37,4.6190500000000005,923.95,0.0,13,2023-07-10
2023-07-11 11:00:00,25.49,27.24,60.72,68.42,3.935,458.495,0.0,11,2023-07-11
2023-07-11 12:00:00,26.68,29.32,52.7,66.12,3.798783333333333,834.7766666666666,0.0,12,2023-07-11
2023-07-11 13:00:00,29.03,29.88,48.54,58.54,4.354299999999999,924.05,0.0,13,2023-07-11
2023-07-12 11:00:00,23.05,26.62,54.46,76.48,1.5689166666666667,798.2316666666667,0.0,11,2023-07-12
2023-07-12 12:00:00,26.29,28.36,39.34,63.21,2.7342999999999997,890.4833333333333,0.0,12,2023-07-12
2023-07-12 13:00:00,27.93,29.02,39.81,54.31,3.4118500000000003,935.2166666666667,0.0,13,2023-07-12
2023-07-13 11:00:00,18.95,22.89,63.27,88.2,1.6015000000000001,383.5345,3.556,11,2023-07-13
2023-07-13 12:00:00,20.29,23.14,62.24,84.5,2.511083333333333,382.7488333333333,1.27,12,2023-07-13
2023-07-13 13:00:00,22.33,26.99,56.23,77.02,2.315033333333333,763.0216666666668,0.0,13,2023-07-13
2023-07-14 11:00:00,16.32,19.39,82.6,95.4,1.24975,370.13649999999996,0.254,11,2023-07-14
2023-07-14 12:00:00,18.96,21.48,75.87,87.7,0.7944166666666667,515.8066666666667,0.0,12,2023-07-14
2023-07-14 13:00:00,21.14,23.29,67.06,82.7,1.11315,852.6116666666666,0.0,13,2023-07-14
2023-07-15 11:00:00,23.72,25.82,54.42,67.12,1.1160666666666665,695.2733333333333,0.0,11,2023-07-15
2023-07-15 12:00:00,25.4,27.14,43.1,61.69,1.2290833333333333,797.0783333333333,0.0,12,2023-07-15
2023-07-15 13:00:00,26.52,27.46,42.08,55.8,1.6292499999999999,839.3833333333333,0.0,13,2023-07-15
2023-07-16 11:00:00,22.46,25.56,51.3,70.58,2.0631833333333334,728.625,0.0,11,2023-07-16
2023-07-16 12:00:00,25.12,26.67,46.85,61.8,1.8951666666666669,844.6233333333333,0.0,12,2023-07-16
2023-07-16 13:00:00,26.01,27.19,46.65,59.83,1.9830166666666666,922.75,0.0,13,2023-07-16
2023-07-17 11:00:00,22.58,24.24,67.02,77.13,2.0741666666666667,755.3183333333333,0.0,11,2023-07-17
2023-07-17 12:00:00,23.57,25.64,64.71,74.07,2.2607333333333335,856.3166666666667,0.0,12,2023-07-17
2023-07-17 13:00:00,24.79,26.19,62.33,73.66,2.087216666666667,894.8,0.0,13,2023-07-17
2023-07-18 11:00:00,19.37,21.81,79.52,88.9,1.9231166666666666,485.14833333333337,0.0,11,2023-07-18
2023-07-18 12:00:00,21.37,24.14,73.47,85.3,1.3805,653.5406779661017,0.0,12,2023-07-18
2023-07-18 13:00:00,23.18,25.58,69.63,79.58,1.7335166666666666,797.33,0.0,13,2023-07-18
2023-07-19 11:00:00,22.14,25.23,78.41,92.6,1.5101666666666667,463.8833333333333,0.0,11,2023-07-19
2023-07-19 12:00:00,24.18,26.25,73.16,83.2,1.6154833333333334,725.17,0.0,12,2023-07-19
2023-07-19 13:00:00,25.71,26.98,70.2,81.1,1.0074166666666666,559.7816666666666,0.0,13,2023-07-19
2023-07-20 11:00:00,21.79,23.48,51.56,63.71,2.29785,570.1333333333333,0.0,11,2023-07-20
2023-07-20 12:00:00,22.53,23.86,49.3,60.59,1.1434833333333332,315.03499999999997,0.0,12,2023-07-20
2023-07-20 13:00:00,22.96,24.28,50.82,59.48,1.2610833333333333,391.6333333333333,0.0,13,2023-07-20
2023-07-21 11:00:00,20.88,22.72,60.08,77.2,2.2024833333333333,777.6383333333334,0.0,11,2023-07-21
2023-07-21 12:00:00,22.01,24.03,57.07,70.26,1.9150833333333332,876.58,0.0,12,2023-07-21
2023-07-21 13:00:00,23.27,24.54,52.46,65.52,1.72095,871.5833333333334,0.0,13,2023-07-21
2023-07-22 11:00:00,25.58,27.4,58.5,69.87,0.9700333333333333,672.6116666666666,0.0,11,2023-07-22
2023-07-22 12:00:00,27.17,30.45,39.19,64.04,0.7981,885.0766666666666,0.0,12,2023-07-22
2023-07-22 13:00:00,29.68,31.15,37.09,50.84,1.0896833333333333,905.1783333333333,0.0,13,2023-07-22
2023-07-23 11:00:00,26.53,29.76,55.15,67.84,1.1861333333333335,762.36,0.0,11,2023-07-23
2023-07-23 12:00:00,29.52,31.07,51.8,72.95,1.5939166666666666,858.2866666666666,0.0,12,2023-07-23
2023-07-23 13:00:00,29.6,31.17,60.89,73.66,1.96855,900.0,0.0,13,2023-07-23
2023-07-24 11:00:00,29.55,31.05,41.94,55.7,2.5521833333333332,763.455,0.0,11,2023-07-24
2023-07-24 12:00:00,30.36,32.05,46.08,58.59,1.8746166666666668,859.8,0.0,12,2023-07-24
2023-07-24 13:00:00,31.77,33.56,34.59,54.39,1.7962500000000001,905.4233333333334,0.0,13,2023-07-24
2023-07-25 11:00:00,26.7,29.19,65.73,76.36,1.3104166666666666,702.4616666666666,0.0,11,2023-07-25
2023-07-25 12:00:00,28.86,30.92,57.24,69.75,2.4983500000000003,838.4683333333334,0.0,12,2023-07-25
2023-07-25 13:00:00,30.36,33.47,50.27,65.07,2.8864333333333336,891.5333333333333,0.0,13,2023-07-25
2023-07-26 11:00:00,30.6,33.56,43.68,54.34,1.0865166666666668,749.17,0.0,11,2023-07-26
2023-07-26 12:00:00,33.08,34.8,37.9,53.04,1.9546166666666667,857.675,0.0,12,2023-07-26
2023-07-26 13:00:00,33.53,37.17,24.52,51.27,1.7497166666666668,850.9866666666666,0.0,13,2023-07-26
2023-07-27 11:00:00,30.61,34.27,32.57,49.95,2.2775000000000003,763.1583333333333,0.0,11,2023-07-27
2023-07-27 12:00:00,33.04,34.89,29.63,44.12,3.3177000000000003,857.2666666666667,0.0,12,2023-07-27
2023-07-27 13:00:00,33.66,35.36,31.35,46.93,2.8996833333333334,901.7666666666667,0.0,13,2023-07-27
2023-07-28 11:00:00,26.6,30.38,44.44,66.61,3.065366666666667,710.7533333333333,0.0,11,2023-07-28
2023-07-28 12:00:00,30.05,32.59,35.55,51.97,3.5979,823.135,0.0,12,2023-07-28
2023-07-28 13:00:00,31.87,33.61,34.12,44.8,3.9050000000000002,808.3349999999999,0.0,13,2023-07-28
2023-07-29 11:00:00,26.72,29.54,38.49,49.08,2.1800333333333333,759.3833333333333,0.0,11,2023-07-29
2023-07-29 12:00:00,28.4,30.69,35.59,53.05,1.7274,831.3783333333333,0.0,12,2023-07-29
2023-07-29 13:00:00,29.04,30.74,38.49,55.31,2.3075833333333335,885.2333333333333,0.0,13,2023-07-29
2023-07-30 11:00:00,26.49,28.81,60.56,72.04,2.3799166666666665,721.1133333333333,0.0,11,2023-07-30
2023-07-30 12:00:00,28.48,31.17,48.72,64.0,3.4127666666666667,821.48,0.0,12,2023-07-30
2023-07-30 13:00:00,30.46,33.23,38.58,52.24,3.6514666666666664,871.1166666666667,0.0,13,2023-07-30
2023-07-31 11:00:00,23.34,25.39,65.55,78.74,2.320266666666667,718.4533333333333,0.0,11,2023-07-31
2023-07-31 12:00:00,25.01,26.99,60.27,73.59,1.7708333333333333,833.3333333333334,0.0,12,2023-07-31
2023-07-31 13:00:00,26.14,28.06,59.45,69.32,1.9965000000000002,873.1833333333333,0.0,13,2023-07-31
2023-08-01 11:00:00,24.84,26.86,67.84,83.1,1.8083166666666666,527.0400000000001,0.0,11,2023-08-01
2023-08-01 12:00:00,25.86,28.08,59.32,70.48,2.73,717.035,0.0,12,2023-08-01
2023-08-01 13:00:00,26.89,29.57,46.8,64.42,2.619,826.575,0.0,13,2023-08-01
2023-08-02 11:00:00,25.9,29.2,50.73,61.38,1.6157666666666666,700.6833333333333,0.0,11,2023-08-02
2023-08-02 12:00:00,28.0,29.33,46.53,60.35,2.16095,811.9466666666667,0.0,12,2023-08-02
2023-08-02 13:00:00,28.14,30.93,45.75,56.26,2.5850333333333335,837.7633333333334,0.0,13,2023-08-02
2023-08-03 11:00:00,22.77,24.65,74.99,84.9,1.9728999999999999,577.6833333333333,0.0,11,2023-08-03
2023-08-03 12:00:00,23.99,26.1,64.02,81.5,2.1836333333333333,785.6733333333334,0.0,12,2023-08-03
2023-08-03 13:00:00,25.01,26.85,62.6,74.53,1.2606,485.34166666666664,0.0,13,2023-08-03
2023-08-04 11:00:00,24.5,26.43,56.42,71.3,2.6913666666666667,727.4233333333334,0.0,11,2023-08-04
2023-08-04 12:00:00,26.01,28.26,52.39,62.4,2.031616666666667,830.0566666666667,0.0,12,2023-08-04
2023-08-04 13:00:00,27.64,29.29,47.31,59.38,1.8070166666666667,771.44,0.0,13,2023-08-04
2023-08-05 11:00:00,24.38,26.1,57.33,69.65,3.261683333333333,737.995,0.0,11,2023-08-05
2023-08-05 12:00:00,25.77,27.57,50.03,65.65,4.122533333333333,839.8016666666666,0.0,12,2023-08-05
2023-08-05 13:00:00,26.9,28.18,46.85,56.76,4.822500000000001,854.7966666666667,0.0,13,2023-08-05
2023-08-06 11:00:00,20.43,21.53,61.69,67.17,5.699733333333333,522.0383333333333,0.0,11,2023-08-06
2023-08-06 12:00:00,20.57,22.79,55.93,66.69,5.583116666666667,594.885,0.0,12,2023-08-06
2023-08-06 13:00:00,22.06,23.91,53.39,63.23,5.638316666666666,762.825,22.2,13,2023-08-06
2023-08-07 11:00:00,19.3,20.72,69.78,80.9,1.3338666666666665,309.47166666666664,0.0,11,2023-08-07
2023-08-07 12:00:00,20.48,22.87,55.89,72.45,1.8469000000000002,456.47333333333336,0.0,12,2023-08-07
2023-08-07 13:00:00,21.21,22.63,55.56,69.62,1.7065833333333333,285.1666666666667,0.0,13,2023-08-07
2023-08-08 11:00:00,18.5,21.3,71.24,83.9,1.3054999999999999,732.7800000000001,0.0,11,2023-08-08
2023-08-08 12:00:00,21.02,22.72,66.78,78.78,1.7803499999999999,714.1133333333333,0.0,12,2023-08-08
2023-08-08 13:00:00,21.91,25.74,63.56,75.19,1.3249,691.5116666666667,0.0,13,2023-08-08
2023-08-09 11:00:00,21.54,23.61,60.01,77.77,1.3805833333333333,710.4216666666667,0.0,11,2023-08-09
2023-08-09 12:00:00,22.66,24.97,57.84,71.2,1.4917627118644068,878.0542372881356,0.0,12,2023-08-09
2023-08-09 13:00:00,23.87,26.09,55.57,68.04,1.2133,818.7633333333334,0.0,13,2023-08-09
2023-08-10 11:00:00,26.5,29.32,41.75,55.86,4.792133333333334,690.67,0.0,11,2023-08-10
2023-08-10 12:00:00,27.89,30.06,42.35,49.92,4.216733333333333,525.3133333333333,0.0,12,2023-08-10
2023-08-10 13:00:00,29.64,30.62,34.1,45.97,4.178583333333333,882.5966666666667,0.0,13,2023-08-10
2023-08-11 11:00:00,23.94,26.38,55.47,68.63,1.5740833333333335,728.15,0.0,11,2023-08-11
2023-08-11 12:00:00,25.91,29.29,47.75,62.23,1.2280833333333334,827.6366666666667,0.0,12,2023-08-11
2023-08-11 13:00:00,28.34,30.32,41.7,56.74,1.56875,861.895,0.0,13,2023-08-11
2023-08-12 11:00:00,24.57,26.38,40.03,50.38,2.7780666666666667,694.6933333333333,0.0,11,2023-08-12
2023-08-12 12:00:00,25.77,27.66,39.92,52.4,3.090533333333333,760.925,0.0,12,2023-08-12
2023-08-12 13:00:00,26.04,27.89,40.9,51.31,3.3247166666666668,650.4633333333334,0.0,13,2023-08-12
2023-08-13 11:00:00,20.72,22.38,65.31,72.72,3.3649333333333336,302.875,0.0,11,2023-08-13
2023-08-13 12:00:00,21.4,23.02,56.03,68.8,4.974533333333333,536.6616666666666,0.0,12,2023-08-13
2023-08-13 13:00:00,21.25,23.48,52.81,65.12,5.434616666666667,822.7516666666667,0.0,13,2023-08-13
2023-08-14 11:00:00,20.44,22.3,45.85,56.62,4.7887,733.6516666666666,0.0,11,2023-08-14
2023-08-14 12:00:00,21.45,23.2,41.96,50.96,4.7542,831.52,0.0,12,2023-08-14
2023-08-14 13:00:00,22.53,23.95,39.93,49.03,4.952733333333333,875.8416666666667,0.0,13,2023-08-14
2023-08-15 11:00:00,23.95,26.54,34.45,47.51,2.9992666666666663,735.1916666666667,0.0,11,2023-08-15
2023-08-15 12:00:00,26.16,28.41,29.54,41.48,2.8947333333333334,833.705,0.0,12,2023-08-15
2023-08-15 13:00:00,27.99,29.82,25.68,34.88,2.4959333333333333,879.65,0.0,13,2023-08-15
2023-08-16 11:00:00,28.19,31.22,40.76,50.87,2.6761333333333335,727.7683333333333,0.0,11,2023-08-16
2023-08-16 12:00:00,31.13,34.32,29.26,44.54,2.9851,825.9150000000001,0.0,12,2023-08-16
2023-08-16 13:00:00,33.66,35.74,29.32,36.59,3.3094333333333332,866.9833333333333,0.0,13,2023-08-16
2023-08-17 11:00:00,21.6,23.91,44.6,58.53,1.3821166666666664,635.7983333333334,0.0,11,2023-08-17
2023-08-17 12:00:00,23.24,24.97,42.02,51.12,1.2982,762.4733333333334,0.0,12,2023-08-17
2023-08-17 13:00:00,23.97,25.82,38.74,48.14,1.3895000000000002,823.4833333333333,0.0,13,2023-08-17
2023-08-18 11:00:00,25.14,27.91,52.26,57.85,7.0323,686.9016666666666,0.0,11,2023-08-18
2023-08-18 12:00:00,27.24,30.83,47.39,54.6,6.408283333333333,783.8283333333333,0.0,12,2023-08-18
2023-08-18 13:00:00,30.35,33.34,42.51,51.44,5.574983333333334,827.35,0.0,13,2023-08-18
2023-08-19 11:00:00,29.5,32.4,36.9,49.25,3.2916666666666665,702.4300000000001,0.0,11,2023-08-19
2023-08-19 12:00:00,31.87,33.89,34.56,44.7,2.8736666666666664,799.0166666666667,0.0,12,2023-08-19
2023-08-19 13:00:00,33.56,35.21,32.53,42.23,3.1336,839.2333333333333,0.0,13,2023-08-19
2023-08-20 11:00:00,24.85,27.8,68.62,77.42,1.9677666666666667,652.9633333333334,0.0,11,2023-08-20
2023-08-20 12:00:00,26.79,29.67,63.74,75.91,2.272366666666666,557.2900000000001,0.0,12,2023-08-20
2023-08-20 13:00:00,28.92,31.18,56.87,67.25,3.1768833333333335,764.2566666666667,0.0,13,2023-08-20
2023-08-21 11:00:00,32.18,34.56,28.78,35.79,5.87665,707.615,0.0,11,2023-08-21
2023-08-21 12:00:00,34.13,36.49,23.89,30.98,6.271483333333333,807.26,0.0,12,2023-08-21
2023-08-21 13:00:00,35.64,37.09,22.97,27.5,6.672483333333333,848.9333333333333,0.0,13,2023-08-21
2023-08-22 11:00:00,33.77,36.3,23.61,29.33,6.252533333333333,696.7616666666667,0.0,11,2023-08-22
2023-08-22 12:00:00,35.93,38.11,20.33,25.68,6.518866666666667,789.9583333333334,0.0,12,2023-08-22
2023-08-22 13:00:00,37.5,38.87,16.89,21.82,7.573316666666667,836.7833333333333,0.0,13,2023-08-22
2023-08-23 11:00:00,31.91,34.0,32.51,40.61,3.897383333333333,466.2633333333333,0.0,11,2023-08-23
2023-08-23 12:00:00,32.14,36.4,26.39,37.16,4.282216666666667,677.4,0.0,12,2023-08-23
2023-08-23 13:00:00,35.74,37.13,25.84,29.12,4.838583333333333,845.5666666666667,0.0,13,2023-08-23
2023-08-24 11:00:00,29.71,33.62,29.73,47.17,1.7824166666666668,684.2316666666667,0.0,11,2023-08-24
2023-08-24 12:00:00,32.52,35.39,24.52,42.26,3.3916666666666666,771.9416666666667,0.0,12,2023-08-24
2023-08-24 13:00:00,34.68,37.41,21.68,26.45,3.866233333333333,815.8166666666667,0.0,13,2023-08-24
2023-08-25 11:00:00,27.66,29.69,43.8,56.69,5.508833333333333,616.255,0.0,11,2023-08-25
2023-08-25 12:00:00,28.86,30.62,38.97,46.98,5.9014,732.6583333333333,0.0,12,2023-08-25
2023-08-25 13:00:00,29.39,31.19,34.07,43.12,6.965016666666667,737.5666666666667,0.0,13,2023-08-25
2023-08-26 11:00:00,20.48,22.58,52.41,61.53,2.5456166666666666,682.9783333333332,0.0,11,2023-08-26
2023-08-26 12:00:00,21.92,24.19,45.92,57.01,2.665233333333333,768.7466666666667,0.0,12,2023-08-26
2023-08-26 13:00:00,22.86,24.52,43.85,51.5,2.86785,822.7333333333333,0.0,13,2023-08-26
2023-08-27 11:00:00,23.53,26.5,42.67,53.16,3.1754166666666666,687.5433333333333,0.0,11,2023-08-27
2023-08-27 12:00:00,25.96,28.04,35.15,44.76,2.459366666666667,784.8766666666667,0.0,12,2023-08-27
2023-08-27 13:00:00,26.94,29.25,31.4,38.67,2.3954166666666667,827.7666666666667,0.0,13,2023-08-27
2023-08-28 11:00:00,21.62,22.43,66.5,72.42,2.0176166666666666,155.17666666666668,0.0,11,2023-08-28
2023-08-28 12:00:00,21.62,23.26,61.75,70.83,2.833183333333333,405.6566666666667,0.0,12,2023-08-28
2023-08-28 13:00:00,22.49,24.24,59.0,69.52,2.88465,558.63,0.0,13,2023-08-28
2023-08-29 11:00:00,23.92,27.81,34.62,54.72,2.2897666666666665,608.035,0.0,11,2023-08-29
2023-08-29 12:00:00,27.29,28.74,29.34,38.88,3.8322833333333333,708.1533333333333,0.0,12,2023-08-29
2023-08-29 13:00:00,28.22,29.91,27.04,34.37,3.7809833333333334,756.1316666666667,0.0,13,2023-08-29
2023-08-30 11:00:00,26.32,28.71,34.89,43.07,5.335083333333333,672.8383333333334,0.0,11,2023-08-30
2023-08-30 12:00:00,28.33,30.53,29.4,36.37,5.4086333333333325,770.5383333333334,0.0,12,2023-08-30
2023-08-30 13:00:00,29.63,31.69,24.4,32.11,5.235316666666667,813.4,0.0,13,2023-08-30
2023-08-31 11:00:00,24.76,27.34,41.28,48.08,5.39025,630.9566666666667,0.0,11,2023-08-31
2023-08-31 12:00:00,27.01,29.74,34.04,41.75,4.575866666666667,767.9833333333333,0.0,12,2023-08-31
2023-08-31 13:00:00,28.88,31.89,32.07,38.6,4.392533333333334,805.5983333333334,0.0,13,2023-08-31
2023-09-01 11:00:00,26.77,29.17,37.59,44.22,4.490399999999999,671.9833333333333,0.0,11,2023-09-01
2023-09-01 12:00:00,28.74,31.88,34.03,39.98,4.135666666666666,763.1316666666667,0.0,12,2023-09-01
2023-09-01 13:00:00,31.31,34.56,28.58,36.63,4.5925666666666665,804.1933333333333,0.0,13,2023-09-01
2023-09-02 11:00:00,30.5,33.63,20.81,26.97,3.5544333333333333,698.8183333333333,0.0,11,2023-09-02
2023-09-02 12:00:00,32.91,36.58,15.61,23.58,3.9328333333333334,764.035,0.0,12,2023-09-02
2023-09-02 13:00:00,36.16,38.25,12.83,17.77,5.7771833333333324,831.1516666666666,0.0,13,2023-09-02
2023-09-03 11:00:00,29.46,32.67,35.21,44.41,1.1273166666666665,658.5849999999999,0.0,11,2023-09-03
2023-09-03 12:00:00,32.24,36.13,24.59,36.18,1.0638166666666666,753.255,0.0,12,2023-09-03
2023-09-03 13:00:00,35.32,37.44,20.4,26.55,1.3477833333333333,794.91,0.0,13,2023-09-03
2023-09-04 11:00:00,27.47,30.24,27.48,34.01,2.78525,677.09,0.0,11,2023-09-04
2023-09-04 12:00:00,29.28,32.11,24.4,30.95,3.39705,756.5416666666666,0.0,12,2023-09-04
2023-09-04 13:00:00,31.64,34.27,22.91,27.37,4.567733333333334,789.3966666666668,0.0,13,2023-09-04
2023-09-05 11:00:00,19.97,21.81,50.84,59.67,6.311233333333333,602.8283333333333,0.0,11,2023-09-05
2023-09-05 12:00:00,20.63,22.19,49.32,54.32,6.566933333333334,487.2966666666667,0.0,12,2023-09-05
2023-09-05 13:00:00,20.01,22.05,49.69,56.05,6.628433333333334,391.48333333333335,0.0,13,2023-09-05
2023-09-06 11:00:00,16.26,20.58,40.12,63.27,1.1675166666666668,610.5066666666667,0.0,11,2023-09-06
2023-09-06 12:00:00,20.34,23.48,30.36,43.02,1.8294833333333334,710.1383333333334,0.0,12,2023-09-06
2023-09-06 13:00:00,23.15,24.8,26.24,35.36,2.0155166666666666,745.2533333333333,0.0,13,2023-09-06
2023-09-07 11:00:00,22.47,26.46,33.34,38.42,3.6144833333333333,613.94,0.0,11,2023-09-07
2023-09-07 12:00:00,25.99,28.66,33.06,37.25,5.2010499999999995,687.3283333333333,0.0,12,2023-09-07
2023-09-07 13:00:00,27.85,29.83,32.45,37.12,5.124016666666667,758.7816666666666,0.0,13,2023-09-07
2023-09-08 11:00:00,21.73,24.9,46.83,53.76,1.9126333333333332,634.6433333333333,0.0,11,2023-09-08
2023-09-08 12:00:00,24.55,26.76,39.69,48.49,2.1562833333333336,730.2916666666666,0.0,12,2023-09-08
2023-09-08 13:00:00,25.92,28.37,36.24,42.02,2.2158666666666664,772.8050000000001,0.0,13,2023-09-08
2023-09-09 11:00:00,24.99,28.29,48.61,54.91,6.510683333333334,623.255,0.0,11,2023-09-09
2023-09-09 12:00:00,27.86,30.54,35.02,50.1,6.229283333333333,718.8383333333334,0.0,12,2023-09-09
2023-09-09 13:00:00,30.06,31.98,28.49,35.35,6.21195,751.475,0.0,13,2023-09-09
2023-09-10 11:00:00,14.29,15.2,96.0,98.6,1.9384666666666668,19.248533333333334,16.51,11,2023-09-10
2023-09-10 12:00:00,14.68,15.34,95.9,98.8,3.4809833333333335,77.58933333333333,3.556,12,2023-09-10
2023-09-10 13:00:00,14.63,16.33,92.5,96.8,3.59505,161.94966666666667,2.032,13,2023-09-10
2023-09-11 11:00:00,14.91,16.35,71.56,81.5,1.7217166666666666,278.385,0.0,11,2023-09-11
2023-09-11 12:00:00,15.64,18.15,59.35,75.32,1.6484333333333334,477.3683333333333,0.0,12,2023-09-11
2023-09-11 13:00:00,17.49,19.68,51.34,63.81,2.1618333333333335,692.0733333333334,0.0,13,2023-09-11
2023-09-12 11:00:00,19.03,21.14,37.48,61.53,3.5151499999999998,653.035,0.0,11,2023-09-12
2023-09-12 12:00:00,20.77,22.3,35.13,40.85,3.8878166666666667,755.8966666666668,0.0,12,2023-09-12
2023-09-12 13:00:00,21.59,23.29,33.54,39.7,3.5228666666666664,795.0400000000001,0.0,13,2023-09-12
2023-09-13 11:00:00,19.5,21.62,41.16,54.12,4.0157,639.9683333333334,0.0,11,2023-09-13
2023-09-13 12:00:00,20.86,22.58,40.17,49.14,3.67705,737.435,0.0,12,2023-09-13
2023-09-13 13:00:00,21.63,23.67,39.76,46.56,3.51875,768.0483333333334,0.0,13,2023-09-13
2023-09-14 11:00:00,17.63,20.61,71.07,83.4,3.4379166666666667,475.7116666666667,0.0,11,2023-09-14
2023-09-14 12:00:00,20.11,22.16,59.78,73.91,4.4980166666666666,579.145,0.0,12,2023-09-14
2023-09-14 13:00:00,21.5,23.38,55.59,61.14,4.441933333333334,547.0966666666667,0.0,13,2023-09-14
2023-09-15 11:00:00,16.35,17.49,82.6,90.5,0.8003333333333333,241.05333333333334,0.0,11,2023-09-15
2023-09-15 12:00:00,17.15,19.17,75.06,86.1,1.0112833333333333,367.34833333333336,0.0,12,2023-09-15
2023-09-15 13:00:00,18.74,20.67,67.55,79.56,1.18425,547.8116666666666,0.0,13,2023-09-15
2023-09-16 11:00:00,18.67,22.14,48.27,59.92,2.8314333333333335,630.2733333333333,0.0,11,2023-09-16
2023-09-16 12:00:00,21.84,24.28,43.08,54.28,3.0128166666666667,723.3233333333334,0.0,12,2023-09-16
2023-09-16 13:00:00,23.76,25.99,30.97,47.98,3.5549666666666666,762.2333333333333,0.0,13,2023-09-16
2023-09-17 11:00:00,20.35,22.74,45.09,54.02,4.3100000000000005,630.235,0.0,11,2023-09-17
2023-09-17 12:00:00,22.4,24.99,41.59,48.42,4.316983050847457,721.6762711864407,0.0,12,2023-09-17
2023-09-17 13:00:00,24.24,26.46,35.3,43.21,4.450266666666667,758.8683333333333,0.0,13,2023-09-17
2023-09-18 11:00:00,21.24,26.32,30.43,46.88,2.1970666666666667,636.49,0.0,11,2023-09-18
2023-09-18 12:00:00,25.99,29.13,24.95,34.62,1.8054,727.2116666666666,0.0,12,2023-09-18
2023-09-18 13:00:00,28.37,31.52,15.58,29.68,2.485,727.51,0.0,13,2023-09-18
2023-09-19 11:00:00,20.82,23.02,42.65,52.43,1.7466666666666666,491.98833333333334,0.0,11,2023-09-19
2023-09-19 12:00:00,22.4,26.88,38.41,50.42,1.5045499999999998,720.3416666666667,0.0,12,2023-09-19
2023-09-19 13:00:00,26.68,29.82,28.76,41.25,1.2160333333333333,752.8316666666667,0.0,13,2023-09-19
2023-09-20 11:00:00,19.05,22.18,47.32,56.77,1.6768166666666666,609.5466666666667,0.0,11,2023-09-20
2023-09-20 12:00:00,21.75,26.78,36.31,50.25,0.78665,701.3483333333334,0.0,12,2023-09-20
2023-09-20 13:00:00,26.21,29.03,31.44,39.96,1.09485,735.1983333333334,0.0,13,2023-09-20
2023-09-21 11:00:00,19.52,21.81,79.05,87.3,2.4322,416.13666666666666,0.0,11,2023-09-21
2023-09-21 12:00:00,20.25,22.19,80.2,87.2,2.6258333333333335,481.23499999999996,0.0,12,2023-09-21
2023-09-21 13:00:00,20.97,22.63,78.45,86.3,2.907566666666667,623.5566666666667,0.0,13,2023-09-21
2023-09-22 11:00:00,14.25,15.94,88.3,95.5,1.39605,170.66,0.0,11,2023-09-22
2023-09-22 12:00:00,15.65,18.53,76.16,89.6,0.9517833333333333,345.2366666666667,0.0,12,2023-09-22
2023-09-22 13:00:00,18.43,20.96,66.5,79.99,1.51575,499.90833333333336,0.0,13,2023-09-22
2023-09-23 11:00:00,17.3,19.09,36.44,46.86,5.503333333333333,625.115,0.0,11,2023-09-23
2023-09-23 12:00:00,18.57,20.48,32.44,42.02,5.04695,712.6666666666666,0.0,12,2023-09-23
2023-09-23 13:00:00,20.01,21.34,31.19,37.1,5.065650000000001,745.98,0.0,13,2023-09-23
2023-09-24 11:00:00,18.95,20.72,50.13,56.44,4.313666666666666,604.0016666666667,0.0,11,2023-09-24
2023-09-24 12:00:00,20.44,23.21,43.32,53.37,3.766966666666667,694.0966666666667,0.0,12,2023-09-24
2023-09-24 13:00:00,22.49,24.24,35.74,47.95,4.27735,730.4416666666667,0.0,13,2023-09-24
2023-09-25 11:00:00,18.39,21.98,50.42,67.4,1.0460666666666667,606.4683333333334,0.0,11,2023-09-25
2023-09-25 12:00:00,21.55,24.52,42.67,56.07,1.4247166666666666,696.0,0.0,12,2023-09-25
2023-09-25 13:00:00,24.19,26.87,28.03,46.39,1.6010333333333333,727.7483333333333,0.0,13,2023-09-25
2023-09-26 11:00:00,18.76,21.43,56.45,68.24,1.81775,588.3,0.0,11,2023-09-26
2023-09-26 12:00:00,20.8,22.91,48.05,60.34,2.1945333333333332,675.9766666666667,0.0,12,2023-09-26
2023-09-26 13:00:00,22.11,23.86,43.72,50.89,2.5253,709.65,0.0,13,2023-09-26
2023-09-27 11:00:00,18.2,20.77,53.07,61.99,3.4926000000000004,583.8833333333333,0.0,11,2023-09-27
2023-09-27 12:00:00,20.11,22.83,48.83,56.79,3.671266666666667,671.91,0.0,12,2023-09-27
2023-09-27 13:00:00,22.02,24.33,45.78,52.04,3.9583333333333335,701.6883333333334,0.0,13,2023-09-27
2023-09-28 11:00:00,20.3,23.39,55.22,65.86,1.8017833333333333,582.2099999999999,0.0,11,2023-09-28
2023-09-28 12:00:00,22.2,26.55,43.68,62.96,1.9053,665.9116666666666,0.0,12,2023-09-28
2023-09-28 13:00:00,25.4,28.42,39.18,54.43,1.61035,697.6683333333333,0.0,13,2023-09-28
2023-09-29 11:00:00,18.73,20.77,62.54,70.9,3.6676833333333336,565.1483333333333,0.0,11,2023-09-29
2023-09-29 12:00:00,20.48,22.91,55.35,64.33,2.5638833333333335,650.6266666666667,0.0,12,2023-09-29
2023-09-29 13:00:00,22.25,24.33,50.82,57.85,2.50465,663.495,0.0,13,2023-09-29
2023-09-30 11:00:00,20.66,24.38,53.12,70.84,2.9416333333333333,564.0433333333333,0.0,11,2023-09-30
2023-09-30 12:00:00,23.91,26.54,47.7,55.08,2.79665,651.8016666666666,0.0,12,2023-09-30
2023-09-30 13:00:00,25.87,28.18,41.98,51.01,3.38085,684.5550000000001,0.0,13,2023-09-30
2023-10-01 11:00:00,24.57,27.65,39.56,48.08,7.7221166666666665,432.805,0.0,11,2023-10-01
2023-10-01 12:00:00,25.54,28.29,38.28,44.96,8.15185,542.13,0.0,12,2023-10-01
2023-10-01 13:00:00,25.96,29.27,35.49,44.45,7.626316666666667,692.6233333333333,0.0,13,2023-10-01
2023-10-02 11:00:00,23.31,25.66,44.94,50.87,5.996466666666667,551.5,0.0,11,2023-10-02
2023-10-02 12:00:00,25.33,28.29,39.38,46.19,5.793683333333333,635.7516666666667,0.0,12,2023-10-02
2023-10-02 13:00:00,27.57,29.88,36.57,40.77,6.01895,666.3383333333334,0.0,13,2023-10-02
2023-10-03 11:00:00,19.87,22.38,56.45,66.7,1.9761,557.5616666666666,0.0,11,2023-10-03
2023-10-03 12:00:00,21.44,23.48,52.21,60.9,1.9565333333333332,376.75333333333333,0.0,12,2023-10-03
2023-10-03 13:00:00,21.59,23.48,53.15,60.22,2.9927166666666665,398.3233333333334,0.0,13,2023-10-03
2023-10-04 11:00:00,12.73,15.41,58.17,72.4,2.499016666666667,561.625,0.0,11,2023-10-04
2023-10-04 12:00:00,14.98,17.15,49.5,63.27,2.4134499999999997,640.0400000000001,0.0,12,2023-10-04
2023-10-04 13:00:00,16.68,18.46,44.99,53.19,2.1165166666666666,674.4433333333333,0.0,13,2023-10-04
2023-10-05 11:00:00,15.8,18.39,37.79,51.95,4.803383333333333,539.1216666666667,0.0,11,2023-10-05
2023-10-05 12:00:00,17.15,18.62,35.53,40.4,4.687316666666666,392.5866666666667,0.0,12,2023-10-05
2023-10-05 13:00:00,17.53,19.28,31.53,39.11,4.13135,428.35,0.0,13,2023-10-05
2023-10-06 11:00:00,8.37,10.02,18.35,25.87,7.9906500000000005,553.965,0.0,11,2023-10-06
2023-10-06 12:00:00,9.26,11.38,13.75,19.23,7.254933333333333,661.6816666666667,0.0,12,2023-10-06
2023-10-06 13:00:00,10.34,12.0,13.95,18.49,6.2162500000000005,690.5633333333334,0.0,13,2023-10-06
2023-10-07 11:00:00,12.67,15.99,24.55,27.45,2.9402166666666667,557.61,0.0,11,2023-10-07
2023-10-07 12:00:00,15.09,18.24,24.67,29.5,2.8123833333333335,643.0383333333334,0.0,12,2023-10-07
2023-10-07 13:00:00,17.58,19.73,26.96,30.72,2.8816833333333336,670.4933333333333,0.0,13,2023-10-07
2023-10-08 11:00:00,15.58,20.59,29.9,48.37,1.3084333333333333,554.4333333333333,0.0,11,2023-10-08
2023-10-08 12:00:00,20.16,22.96,24.82,32.78,1.3516333333333332,641.0699999999999,0.0,12,2023-10-08
2023-10-08 13:00:00,21.92,24.05,24.01,28.47,1.8869666666666667,667.9766666666667,0.0,13,2023-10-08
2023-10-09 11:00:00,12.93,17.16,41.75,57.47,0.8180166666666667,545.9516666666666,0.0,11,2023-10-09
2023-10-09 12:00:00,16.87,19.06,34.98,42.56,1.84215,630.8233333333334,0.0,12,2023-10-09
2023-10-09 13:00:00,18.31,20.29,32.54,37.27,2.0383833333333334,659.295,0.0,13,2023-10-09
2023-10-10 11:00:00,17.83,21.25,36.7,44.13,6.1175999999999995,525.3116666666667,0.0,11,2023-10-10
2023-10-10 12:00:00,20.82,23.09,33.78,38.05,5.1513,623.635,0.0,12,2023-10-10
2023-10-10 13:00:00,22.2,23.86,32.8,35.71,4.798150000000001,634.4599999999999,0.0,13,2023-10-10
2023-10-11 11:00:00,12.1,19.16,49.14,69.38,2.6920833333333336,526.1333333333333,0.0,11,2023-10-11
2023-10-11 12:00:00,18.77,21.62,41.91,50.08,2.54475,637.4833333333333,0.0,12,2023-10-11
2023-10-11 13:00:00,21.38,24.1,33.64,42.75,3.05095,699.0016666666667,0.0,13,2023-10-11
2023-10-12 11:00:00,15.94,17.13,83.6,96.9,1.8296333333333334,131.74383333333333,0.254,11,2023-10-12
2023-10-12 12:00:00,16.13,17.55,78.98,94.1,2.3063833333333337,203.19766666666666,0.0,12,2023-10-12
2023-10-12 13:00:00,15.73,17.3,83.1,93.8,2.7253833333333333,96.55523333333333,0.0,13,2023-10-12
2023-10-13 11:00:00,5.454,7.584,68.18,83.4,9.34555,301.34166666666664,0.0,11,2023-10-13
2023-10-13 12:00:00,6.766,7.523,65.63,70.82,8.139966666666668,110.19933333333333,0.0,12,2023-10-13
2023-10-13 13:00:00,6.953,7.661,66.0,69.69,7.42975,100.8505,0.0,13,2023-10-13
2023-10-14 11:00:00,6.064,6.679,74.28,79.73,4.1360166666666665,69.49166666666666,0.0,11,2023-10-14
2023-10-14 12:00:00,6.395,8.33,71.12,79.02,4.49655,268.95166666666665,0.0,12,2023-10-14
2023-10-14 13:00:00,7.803,10.21,61.62,73.01,4.4440333333333335,346.295,0.0,13,2023-10-14
2023-10-15 11:00:00,6.807,9.3,56.04,76.16,1.6822000000000001,381.625,0.0,11,2023-10-15
2023-10-15 12:00:00,7.93,9.4,56.61,64.57,2.39175,261.19666666666666,0.0,12,2023-10-15
2023-10-15 13:00:00,8.45,9.54,56.64,62.47,2.3232500000000003,239.62333333333333,0.0,13,2023-10-15
2023-10-16 11:00:00,9.42,13.74,54.46,71.18,1.4239333333333335,516.7966666666666,0.0,11,2023-10-16
2023-10-16 12:00:00,13.45,16.83,44.66,56.26,1.3972833333333334,592.2783333333333,0.0,12,2023-10-16
2023-10-16 13:00:00,15.73,18.89,37.82,47.61,1.2386333333333333,618.1716666666667,0.0,13,2023-10-16
2023-10-17 11:00:00,15.24,22.38,28.41,57.74,1.0856166666666667,510.56,0.0,11,2023-10-17
2023-10-17 12:00:00,22.15,25.56,24.41,30.41,4.02705,593.4066666666666,0.0,12,2023-10-17
2023-10-17 13:00:00,24.9,27.41,20.96,25.66,4.923133333333333,619.8783333333333,0.0,13,2023-10-17
2023-10-18 11:00:00,14.35,17.45,31.81,41.06,6.4534666666666665,510.01666666666665,0.0,11,2023-10-18
2023-10-18 12:00:00,17.16,19.05,28.79,33.5,6.064266666666667,589.2900000000001,0.0,12,2023-10-18
2023-10-18 13:00:00,18.2,20.18,28.76,31.2,6.869233333333333,610.6566666666666,0.0,13,2023-10-18
2023-10-19 11:00:00,16.61,21.37,30.59,38.68,4.24765,498.90999999999997,0.0,11,2023-10-19
2023-10-19 12:00:00,21.08,25.24,23.2,31.97,4.452816666666666,581.2416666666667,0.0,12,2023-10-19
2023-10-19 13:00:00,24.71,25.94,21.84,24.41,5.94745,608.27,0.0,13,2023-10-19
2023-10-20 11:00:00,16.15,21.37,32.58,44.68,2.889233333333333,502.69,0.0,11,2023-10-20
2023-10-20 12:00:00,21.08,26.32,23.77,33.39,2.719133333333333,584.7916666666666,0.0,12,2023-10-20
2023-10-20 13:00:00,25.42,28.76,18.12,24.95,3.05355,610.1716666666667,0.0,13,2023-10-20
2023-10-21 11:00:00,15.77,18.62,32.82,41.8,2.5851333333333333,490.49,0.0,11,2023-10-21
2023-10-21 12:00:00,18.15,20.35,29.73,34.07,2.099483333333333,571.9449999999999,0.0,12,2023-10-21
2023-10-21 13:00:00,19.4,21.19,28.18,31.59,2.7643166666666668,601.525,0.0,13,2023-10-21
2023-10-22 11:00:00,8.44,13.67,45.2,68.86,2.9981666666666666,127.77983333333333,0.0,11,2023-10-22
2023-10-22 12:00:00,11.72,14.33,40.9,59.15,1.8955166666666665,253.55383333333333,0.0,12,2023-10-22
2023-10-22 13:00:00,13.47,17.7,38.11,52.36,2.4869333333333334,321.76,0.0,13,2023-10-22
2023-10-23 11:00:00,11.63,16.79,52.29,67.92,1.6284833333333333,468.39000000000004,0.0,11,2023-10-23
2023-10-23 12:00:00,16.41,21.17,40.64,52.45,2.1086833333333335,551.3449999999999,0.0,12,2023-10-23
2023-10-23 13:00:00,20.44,22.7,39.03,42.65,1.9843833333333334,574.3733333333333,0.0,13,2023-10-23
2023-10-24 11:00:00,9.6,10.35,84.1,87.0,3.139733333333333,115.54749999999999,0.0,11,2023-10-24
2023-10-24 12:00:00,10.11,11.3,80.7,85.7,3.2736,148.75666666666666,0.0,12,2023-10-24
2023-10-24 13:00:00,10.87,11.86,77.6,82.4,3.75255,153.93166666666667,0.0,13,2023-10-24
2023-10-25 11:00:00,7.992,8.85,98.2,99.1,0.9372,68.66633333333333,0.0,11,2023-10-25
2023-10-25 12:00:00,8.32,9.51,95.9,98.6,0.9519833333333333,97.90100000000001,0.0,12,2023-10-25
2023-10-25 13:00:00,9.08,10.16,95.4,97.1,0.8722666666666666,129.205,0.0,13,2023-10-25
2023-10-26 11:00:00,2.015,2.822,95.9,98.1,4.025566666666666,91.88533333333334,0.0,11,2023-10-26
2023-10-26 12:00:00,2.299,3.245,96.3,97.7,4.5752999999999995,132.64333333333335,0.0,12,2023-10-26
2023-10-26 13:00:00,2.629,3.577,95.3,97.1,4.05655,125.18666666666667,0.0,13,2023-10-26
2023-10-27 11:00:00,-4.636,-2.502,65.32,72.78,3.978283333333333,460.14666666666665,0.0,11,2023-10-27
2023-10-27 12:00:00,-3.076,-1.148,62.15,71.42,3.4383166666666667,543.7533333333333,0.0,12,2023-10-27
2023-10-27 13:00:00,-1.579,0.84,57.23,69.74,2.061183333333333,566.8233333333334,0.0,13,2023-10-27
2023-10-28 11:00:00,-4.856,-4.29,73.34,76.22,4.006783333333334,35.165499999999994,0.0,11,2023-10-28
2023-10-28 12:00:00,-4.956,-4.338,73.85,79.0,3.748066666666667,49.897000000000006,0.0,12,2023-10-28
2023-10-28 13:00:00,-4.954,-4.008,77.88,83.3,3.4089,88.19283333333333,0.0,13,2023-10-28
2023-10-29 11:00:00,-3.735,-2.232,71.07,77.63,2.6775,357.56333333333333,0.508,11,2023-10-29
2023-10-29 12:00:00,-2.613,-1.53,61.68,73.68,2.4199333333333333,353.75,0.254,12,2023-10-29
2023-10-29 13:00:00,-1.768,-0.298,52.15,63.2,3.7328833333333336,555.5116666666667,0.762,13,2023-10-29
2023-10-30 11:00:00,-2.684,1.934,55.1,72.38,2.1202166666666664,464.81333333333333,0.0,11,2023-10-30
2023-10-30 12:00:00,1.078,4.054,40.73,61.13,2.746566666666667,548.3333333333334,0.0,12,2023-10-30
2023-10-30 13:00:00,3.576,5.698,33.27,44.38,3.78155,572.1416666666667,0.0,13,2023-10-30
