,TaMin_2m,TaMax_2m,RHMin_2m,RHMax_2m,WndAveSpd_3m,Solar_2m_Avg,Rain_1m_Tot,hour,date,Ta_mid_2m,RH_mid_2m,VPD_kPa,Tcns
2023-04-01 11:00:00,7.146,10.25,33.93,48.13,2.6695166666666665,668.4633333333334,0.0,11,2023-04-01,8.698,41.03,0.6633223545888504,12.295064252512834
2023-04-01 12:00:00,9.97,13.07,26.33,35.85,2.2029,786.7866666666666,0.0,12,2023-04-01,11.52,31.09,0.9363377819631422,14.768463549486777
2023-04-01 13:00:00,12.45,16.26,20.23,27.82,3.3697,826.815,0.0,13,2023-04-01,14.355,24.025,1.2428042773623627,16.930636297824574
2023-04-02 11:00:00,16.12,17.57,24.77,28.29,6.361400000000001,658.5216666666668,0.0,11,2023-04-02,16.845,26.53,1.4097257397214513,18.26587351073723
2023-04-02 12:00:00,16.49,18.81,22.74,26.32,6.13535,767.0083333333333,0.0,12,2023-04-02,17.65,24.53,1.5237412599460718,19.180604339744864
2023-04-02 13:00:00,17.05,19.17,22.06,25.27,5.175633333333334,838.7666666666667,0.0,13,2023-04-02,18.11,23.665,1.5864763369645736,19.740992644734703
2023-04-03 11:00:00,7.708,9.5,33.49,36.47,6.798383333333334,680.5166666666667,0.0,11,2023-04-03,8.604,34.980000000000004,0.726732815365906,12.163525751052768
2023-04-03 12:00:00,8.69,10.92,33.25,36.87,6.323883333333333,783.0483333333334,0.0,12,2023-04-03,9.805,35.06,0.7870784454615565,13.47975542074741
2023-04-03 13:00:00,10.3,12.48,31.86,36.36,4.536600000000001,832.635,0.0,13,2023-04-03,11.39,34.11,0.8876272873167841,14.886462933390662
2023-04-04 11:00:00,-2.443,-0.645,82.3,93.3,5.683766666666667,202.34,0.0,11,2023-04-04,-1.544,87.8,0.06654854103047582,2.6184146155058103
2023-04-04 12:00:00,-1.362,-0.224,79.15,84.0,5.604216666666667,189.94833333333332,0.0,12,2023-04-04,-0.793,81.575,0.1062082827202698,3.1709071567222753
2023-04-04 13:00:00,-1.742,-0.556,78.07,82.4,5.459966666666667,164.1616666666667,0.0,13,2023-04-04,-1.149,80.235,0.11099491223628641,2.7639932105907183
2023-04-05 11:00:00,-1.552,0.42,41.93,49.46,6.037533333333333,633.1783333333333,0.0,11,2023-04-05,-0.5660000000000001,45.695,0.31827805328602216,4.612200989401934
2023-04-05 12:00:00,-1.385,2.029,39.55,47.24,6.729233333333334,720.1033333333332,0.0,12,2023-04-05,0.32199999999999995,43.394999999999996,0.35393000607123193,5.63730315786338
2023-04-05 13:00:00,0.603,3.204,35.44,41.68,6.64935,830.2116666666666,0.0,13,2023-04-05,1.9035000000000002,38.56,0.4305611058854716,7.2874722297994
2023-04-06 11:00:00,7.433,9.51,35.9,40.41,5.80095,617.2316666666667,0.0,11,2023-04-06,8.471499999999999,38.155,0.685062739391138,11.887174861216183
2023-04-06 12:00:00,8.31,10.35,29.46,37.99,5.6777500000000005,582.8383333333334,0.0,12,2023-04-06,9.33,33.725,0.778006855800815,12.378924225755485
2023-04-06 13:00:00,8.31,10.68,28.41,38.77,5.792383333333333,564.5550000000001,0.0,13,2023-04-06,9.495000000000001,33.59,0.7883007355724628,12.443556433419928
2023-04-07 11:00:00,9.93,13.76,21.26,26.62,7.26255,707.6083333333333,0.0,11,2023-04-07,11.844999999999999,23.94,1.0559356418614598,14.60067248596755
2023-04-07 12:00:00,13.14,16.74,17.39,22.14,7.091816666666667,810.9966666666667,0.0,12,2023-04-07,14.94,19.765,1.3630080266943827,17.20992669462648
2023-04-07 13:00:00,15.88,18.2,16.0,18.41,7.485600000000001,856.55,0.0,13,2023-04-07,17.04,17.205,1.6084143509563296,18.84052419111332
2023-04-08 11:00:00,12.7,17.02,17.26,23.29,4.122283333333333,702.9066666666666,0.0,11,2023-04-08,14.86,20.275,1.3473812395349711,16.784670536007624
2023-04-08 12:00:00,16.07,19.23,16.04,18.95,4.65565,778.2233333333334,0.0,12,2023-04-08,17.65,17.494999999999997,1.665778092644106,19.013903432332715
2023-04-08 13:00:00,18.37,21.43,13.43,17.19,5.462866666666667,761.4866666666666,0.0,13,2023-04-08,19.9,15.31,1.968064977380168,20.47450911613209
2023-04-09 11:00:00,16.73,19.57,22.19,29.78,3.667133333333333,721.5516666666666,0.0,11,2023-04-09,18.15,25.985,1.5421293319070657,19.42984330206809
2023-04-09 12:00:00,18.4,20.82,18.67,23.71,2.902416666666667,703.7900000000001,0.0,12,2023-04-09,19.61,21.19,1.7987772236987676,20.26573802563679
2023-04-09 13:00:00,19.71,22.07,16.84,20.66,3.5947999999999998,744.5883333333334,0.0,13,2023-04-09,20.89,18.75,2.0070789418474413,21.22009470098788
2023-04-10 11:00:00,16.32,20.11,17.89,26.94,1.1970166666666666,716.4449999999999,0.0,11,2023-04-10,18.215,22.415,1.623122259731247,19.351080223389694
2023-04-10 12:00:00,19.06,20.69,17.52,21.31,1.9150833333333332,823.1916666666667,0.0,12,2023-04-10,19.875,19.415,1.8697727270639402,20.811250379090623
2023-04-10 13:00:00,20.22,22.11,16.37,19.95,2.126116666666667,870.3666666666667,0.0,13,2023-04-10,21.165,18.16,2.056085298989246,21.82850964979893
2023-04-11 11:00:00,21.49,23.92,17.11,20.3,8.159766666666666,725.6066666666667,0.0,11,2023-04-11,22.705,18.705,2.2434964899783782,22.389903422864684
2023-04-11 12:00:00,23.44,25.75,16.87,18.87,7.249066666666667,827.7866666666666,0.0,12,2023-04-11,24.595,17.87,2.5395888988282382,23.962499430032388
2023-04-11 13:00:00,25.04,27.82,13.35,18.06,7.08045,874.8333333333334,0.0,13,2023-04-11,26.43,15.704999999999998,2.906353570966929,25.19180398876462
2023-04-12 11:00:00,18.67,21.62,39.0,48.31,3.79195,715.3516666666667,0.0,11,2023-04-12,20.145000000000003,43.655,1.3293768972761495,21.452284332282918
2023-04-12 12:00:00,20.67,24.33,32.8,41.36,3.7349166666666664,816.215,0.0,12,2023-04-12,22.5,37.08,1.7149397220761549,23.295089902989574
2023-04-12 13:00:00,23.62,27.25,25.93,36.62,5.023133333333333,861.2,0.0,13,2023-04-12,25.435000000000002,31.275,2.2341060491810985,25.253196228687408
2023-04-13 11:00:00,22.92,26.31,21.57,30.47,4.441516666666667,715.4533333333333,0.0,11,2023-04-13,24.615000000000002,26.02,2.290313134769517,23.94818262125087
2023-04-13 12:00:00,25.97,28.94,18.66,23.36,5.981616666666667,818.1216666666667,0.0,12,2023-04-13,27.455,21.009999999999998,2.8923180427390776,25.905414671361672
2023-04-13 13:00:00,28.37,30.71,16.97,20.15,7.141916666666666,883.7283333333332,0.0,13,2023-04-13,29.54,18.56,3.3654181308277114,27.262992876966486
2023-04-14 11:00:00,8.88,10.54,51.33,56.14,7.53855,278.19166666666666,0.0,11,2023-04-14,9.71,53.735,0.5571705589201361,11.963473522899136
2023-04-14 12:00:00,9.59,11.01,48.86,52.82,6.7355833333333335,292.89500000000004,0.0,12,2023-04-14,10.3,50.84,0.6159097925342242,12.443063300825374
2023-04-14 13:00:00,9.59,10.72,49.47,52.34,6.043466666666666,173.785,0.0,13,2023-04-14,10.155000000000001,50.905,0.6091586701490258,11.909817428283914
2023-04-15 11:00:00,4.371,5.745,63.38,74.22,6.536683333333333,274.375,0.0,11,2023-04-15,5.058,68.8,0.2732648757239231,8.314538430200312
2023-04-15 12:00:00,4.653,5.84,60.29,73.24,6.34455,277.2033333333333,0.0,12,2023-04-15,5.246499999999999,66.765,0.2949390228789691,8.457005083492161
2023-04-15 13:00:00,5.212,6.498,52.74,65.38,5.928866666666666,228.87833333333336,0.0,13,2023-04-15,5.855,59.06,0.3790076247443372,8.695363110787378
2023-04-16 11:00:00,8.32,11.01,27.56,36.17,6.66895,744.4933333333333,0.0,11,2023-04-16,9.665,31.865000000000002,0.8180746548622742,13.17806841711637
2023-04-16 12:00:00,10.11,12.29,22.52,29.12,6.06985,847.95,0.0,12,2023-04-16,11.2,25.82,0.9867928673818216,14.63097534229636
2023-04-16 13:00:00,11.14,13.73,17.5,25.86,5.887266666666666,895.8333333333334,0.0,13,2023-04-16,12.435,21.68,1.1303964627622793,15.664791795661362
2023-04-17 11:00:00,14.44,17.87,19.62,24.34,4.6771666666666665,742.425,0.0,11,2023-04-17,16.155,21.98,1.4327332823918069,17.92587424053188
2023-04-17 12:00:00,17.39,20.3,18.06,21.62,4.305516666666667,834.205,0.0,12,2023-04-17,18.845,19.84,1.7444694119201065,20.135386852715847
2023-04-17 13:00:00,19.97,22.94,14.54,19.35,3.397266666666667,888.9833333333333,0.0,13,2023-04-17,21.455,16.945,2.1240213759512403,22.04746067153737
2023-04-18 11:00:00,13.35,18.72,33.33,42.51,1.7731666666666668,645.0616666666666,0.0,11,2023-04-18,16.035,37.92,1.131318335915133,17.91775424625639
2023-04-18 12:00:00,18.2,20.77,31.39,36.4,2.567133333333333,590.245,0.0,12,2023-04-18,19.485,33.894999999999996,1.497124795981748,20.196976545826466
2023-04-18 13:00:00,20.29,21.48,30.1,32.34,3.4145166666666666,489.99833333333333,0.0,13,2023-04-18,20.884999999999998,31.220000000000002,1.698516454349362,20.77209530786009
2023-04-19 11:00:00,16.32,18.15,14.79,19.43,6.215599999999999,737.065,0.0,11,2023-04-19,17.235,17.11,1.630260406363237,18.560299910773306
2023-04-19 12:00:00,17.53,19.85,8.93,15.9,6.3206,735.06,0.0,12,2023-04-19,18.69,12.415,1.8876790042472102,19.445875443841548
2023-04-19 13:00:00,18.35,19.97,7.847,9.41,6.3198,752.86,0.0,13,2023-04-19,19.16,8.6285,2.027920526371065,19.71372523676196
2023-04-20 11:00:00,8.51,10.96,30.0,41.99,7.021649999999999,710.2816666666666,0.0,11,2023-04-20,9.735,35.995000000000005,0.772109127712982,13.185877598149508
2023-04-20 12:00:00,9.92,12.62,26.21,32.3,7.7213,743.1833333333333,0.0,12,2023-04-20,11.27,29.255,0.9454789926472071,14.385097127328216
2023-04-20 13:00:00,9.77,13.71,23.63,31.86,6.577233333333334,512.0533333333334,0.0,13,2023-04-20,11.74,27.744999999999997,0.9961783997925657,13.911527986967448
2023-04-21 11:00:00,3.659,5.932,32.86,39.33,6.1180666666666665,715.5883333333334,0.0,11,2023-04-21,4.7955000000000005,36.095,0.5495426094533523,9.229807382959306
2023-04-21 12:00:00,4.931,8.04,29.29,34.28,6.1956,792.1433333333333,0.0,12,2023-04-21,6.4855,31.785,0.6596457483100097,10.808400331617154
2023-04-21 13:00:00,6.475,9.41,27.46,31.97,7.201233333333334,836.5550000000001,0.0,13,2023-04-21,7.9425,29.715,0.7510478703550528,12.098898087985173
2023-04-22 11:00:00,2.867,5.935,28.73,41.84,5.68065,753.3433333333334,0.0,11,2023-04-22,4.401,35.285000000000004,0.5413425684089171,9.030624942473736
2023-04-22 12:00:00,4.414,7.715,22.69,32.48,6.034916666666667,854.6833333333333,0.0,12,2023-04-22,6.0645,27.585,0.6801892550512243,10.63123224684239
2023-04-22 13:00:00,5.77,8.51,21.4,26.35,5.462266666666666,903.3383333333334,0.0,13,2023-04-22,7.14,23.875,0.7700275436698385,11.6069442283454
2023-04-23 11:00:00,7.092,10.2,26.41,32.92,2.143466666666667,761.5716666666667,0.0,11,2023-04-23,8.645999999999999,29.665,0.7883794534110193,12.394370625887356
2023-04-23 12:00:00,8.83,11.74,23.49,28.88,2.6038644067796612,863.4745762711865,0.0,12,2023-04-23,10.285,26.185,0.9238774276528613,13.980488746852505
2023-04-23 13:00:00,10.32,13.16,21.09,27.21,3.22045,921.9216666666667,0.0,13,2023-04-23,11.74,24.15,1.0457426008479151,15.274199062103856
2023-04-24 11:00:00,14.28,16.92,32.01,35.29,2.6527499999999997,737.1033333333332,0.0,11,2023-04-24,15.600000000000001,33.65,1.1759525474558423,17.7967304728557
2023-04-24 12:00:00,16.11,18.59,31.57,34.99,3.879833333333333,859.38,0.0,12,2023-04-24,17.35,33.28,1.3218088431215327,19.535707177473782
2023-04-24 13:00:00,17.36,19.73,26.31,34.3,5.028483333333333,780.5216666666668,0.0,13,2023-04-24,18.545,30.305,1.4885369309332335,20.05759728348015
2023-04-25 11:00:00,10.58,12.71,54.2,60.06,2.6936666666666667,549.7383333333333,0.0,11,2023-04-25,11.645,57.13,0.5873479340516358,14.553579662291794
2023-04-25 12:00:00,11.64,12.97,52.77,57.54,2.9212,476.7933333333333,0.0,12,2023-04-25,12.305,55.155,0.6417418106795932,14.793601041181255
2023-04-25 13:00:00,11.83,13.06,52.67,56.66,2.9519666666666664,231.22833333333335,0.0,13,2023-04-25,12.445,54.665,0.654752393131561,14.037058196625903
2023-04-26 11:00:00,12.74,15.02,40.13,53.89,1.9962166666666665,670.2800000000001,0.0,11,2023-04-26,13.879999999999999,47.010000000000005,0.8405265874361767,16.552816448217545
2023-04-26 12:00:00,12.7,15.78,39.22,47.44,2.3272166666666667,492.9483333333334,0.0,12,2023-04-26,14.239999999999998,43.33,0.9201356170307284,16.12992252197211
2023-04-26 13:00:00,14.22,15.45,35.46,41.55,2.1454833333333334,386.2683333333333,0.0,13,2023-04-26,14.835,38.504999999999995,1.0376142413994427,16.103848516637477
2023-04-27 11:00:00,11.15,17.71,39.7,63.79,7.338383333333334,677.0233333333333,0.0,11,2023-04-27,14.43,51.745000000000005,0.793197796098711,17.123544862323538
2023-04-27 12:00:00,17.32,19.95,30.72,42.27,7.312316666666666,850.3349999999999,0.0,12,2023-04-27,18.634999999999998,36.495000000000005,1.363993231319933,20.560832314586097
2023-04-27 13:00:00,19.03,21.48,26.38,32.81,6.412533333333333,865.7233333333334,0.0,13,2023-04-27,20.255000000000003,29.595,1.6724336653606213,21.57685285189377
2023-04-28 11:00:00,8.79,12.15,39.28,51.53,8.0042,469.08,0.0,11,2023-04-28,10.469999999999999,45.405,0.6918152246495337,13.097547924258174
2023-04-28 12:00:00,9.54,11.01,43.85,48.55,7.642783333333333,290.31666666666666,0.0,12,2023-04-28,10.274999999999999,46.2,0.672917222549147,12.32962836063707
2023-04-28 13:00:00,9.83,11.77,37.11,45.51,7.3619,268.77000000000004,0.0,13,2023-04-28,10.8,41.31,0.7602491823044891,12.58433368565849
2023-04-29 11:00:00,18.1,19.66,21.11,28.96,8.421416666666666,774.6633333333334,0.0,11,2023-04-29,18.880000000000003,25.035,1.6349840216538836,20.11619483526854
2023-04-29 12:00:00,18.64,20.39,18.94,24.08,8.697716666666668,873.9833333333333,0.0,12,2023-04-29,19.515,21.509999999999998,1.7809334389761302,20.80463818015128
2023-04-29 13:00:00,18.59,20.72,17.32,20.02,9.070549999999999,909.7083333333334,0.0,13,2023-04-29,19.655,18.67,1.8614872696383722,20.93467262569103
2023-04-30 11:00:00,10.02,12.29,24.17,30.27,7.1545,789.0699999999999,0.0,11,2023-04-30,11.155,27.22,0.9652815527257296,14.41693674854769
2023-04-30 12:00:00,11.44,13.25,18.55,25.8,7.035633333333333,887.9666666666667,0.0,12,2023-04-30,12.344999999999999,22.175,1.116626528850851,15.578924866499598
2023-04-30 13:00:00,12.12,14.25,16.86,21.36,6.798383333333334,929.6166666666667,0.0,13,2023-04-30,13.184999999999999,19.11,1.2262865604759488,16.29649282064321
2023-05-01 11:00:00,10.7,13.24,26.33,32.19,1.8999166666666667,787.3683333333333,0.0,11,2023-05-01,11.969999999999999,29.259999999999998,0.9902126855534734,15.083880772614128
2023-05-01 12:00:00,12.29,14.93,24.29,29.84,1.9530666666666667,883.0833333333334,0.0,12,2023-05-01,13.61,27.064999999999998,1.1367595364306673,16.633190338842198
2023-05-01 13:00:00,13.74,16.49,19.86,26.66,2.3361,925.2,0.0,13,2023-05-01,15.114999999999998,23.259999999999998,1.3184034051338496,17.826565062555918
2023-05-02 11:00:00,10.6,13.77,29.58,36.49,1.7197333333333333,794.1550000000001,0.0,11,2023-05-02,12.184999999999999,33.035,0.9507459106007211,15.351910929628954
2023-05-02 12:00:00,12.76,16.16,22.94,32.76,1.6897666666666666,890.3666666666667,0.0,12,2023-05-02,14.46,27.85,1.1882779057153299,17.323480370046106
2023-05-02 13:00:00,14.98,17.1,20.06,26.12,1.9524000000000001,931.0833333333334,0.0,13,2023-05-02,16.04,23.09,1.4020212214473216,18.53066089556805
2023-05-03 11:00:00,17.15,20.51,16.65,19.69,5.688116666666667,654.7083333333334,0.0,11,2023-05-03,18.83,18.17,1.7791447024502314,19.443819348113827
2023-05-03 12:00:00,19.5,21.9,18.54,23.71,6.0825499999999995,827.2166666666667,0.0,12,2023-05-03,20.7,21.125,1.9257677286409727,21.461895126803924
2023-05-03 13:00:00,21.24,23.86,19.04,24.41,6.110883333333334,881.2583333333333,0.0,13,2023-05-03,22.549999999999997,21.725,2.1399391578424876,22.949992387795056
2023-05-04 11:00:00,18.7,22.49,45.99,61.37,2.1882333333333337,769.705,0.0,11,2023-05-04,20.595,53.68,1.1236328070010688,22.332349929848448
2023-05-04 12:00:00,21.92,24.47,41.35,48.86,3.4173,806.525,0.0,12,2023-05-04,23.195,45.105000000000004,1.56052452257945,24.089726942259794
2023-05-04 13:00:00,23.33,25.78,35.09,44.6,3.1084666666666667,842.1216666666667,0.0,13,2023-05-04,24.555,39.845,1.85564634827105,24.96958862834031
2023-05-05 11:00:00,17.55,20.17,49.13,70.62,1.3813,772.0933333333334,0.0,11,2023-05-05,18.86,59.875,0.874032491804951,21.19317955354949
2023-05-05 12:00:00,19.84,21.96,43.28,54.88,1.1485999999999998,865.15,0.0,12,2023-05-05,20.9,49.08,1.2586253067218498,22.736018305253317
2023-05-05 13:00:00,21.49,23.1,39.8,52.14,1.8045499999999999,906.3833333333333,0.0,13,2023-05-05,22.295,45.97,1.4544043648027414,23.810105337702694
2023-05-06 11:00:00,15.97,18.5,62.54,76.67,1.5318166666666666,779.1716666666667,0.0,11,2023-05-06,17.235,69.605,0.5978014845145444,20.204738680787244
2023-05-06 12:00:00,17.74,20.39,49.18,71.47,1.5892666666666666,868.4683333333334,0.0,12,2023-05-06,19.064999999999998,60.325,0.8753574172150297,21.706920911704874
2023-05-06 13:00:00,19.2,21.21,46.43,62.67,1.6786333333333334,911.6333333333333,0.0,13,2023-05-06,20.205,54.55,1.0763102666385573,22.55841678004076
2023-05-07 11:00:00,20.1,21.93,47.48,59.7,3.057666666666667,782.6550000000001,0.0,11,2023-05-07,21.015,53.59,1.1552830922975617,22.697182016168536
2023-05-07 12:00:00,21.21,23.15,42.54,54.81,2.4240666666666666,859.02,0.0,12,2023-05-07,22.18,48.675,1.3719572226492063,23.66383202715865
2023-05-07 13:00:00,22.15,23.86,41.15,50.38,2.5396333333333336,844.035,0.0,13,2023-05-07,23.005,45.765,1.5241593535466806,24.108441437357314
2023-05-08 11:00:00,17.58,19.54,42.46,53.42,1.86045,784.1866666666666,0.0,11,2023-05-08,18.56,47.94,1.1129354910858535,20.628096871258844
2023-05-08 12:00:00,19.21,21.35,37.23,50.53,2.1195,878.3166666666667,0.0,12,2023-05-08,20.28,43.879999999999995,1.3351613955044426,22.131724309851894
2023-05-08 13:00:00,21.21,23.72,26.37,43.86,2.27,916.0166666666667,0.0,13,2023-05-08,22.465,35.115,1.7647427657221328,23.541731323036245
2023-05-09 11:00:00,16.35,18.24,61.07,71.87,3.480766666666667,284.3113333333333,0.0,11,2023-05-09,17.295,66.47,0.6619669165713442,18.43188763763822
2023-05-09 12:00:00,16.63,18.91,61.28,70.51,3.7966166666666665,811.6550000000001,0.0,12,2023-05-09,17.77,65.89500000000001,0.6938078661956006,20.64467109401638
2023-05-09 13:00:00,18.22,19.96,57.94,65.93,4.0148,902.3,0.0,13,2023-05-09,19.09,61.935,0.8411457628919503,21.896688643806673
2023-05-10 11:00:00,14.95,18.34,74.57,85.9,2.3579833333333338,676.99,0.0,11,2023-05-10,16.645,80.235,0.3744604289179392,19.657647378068987
2023-05-10 12:00:00,17.87,20.29,71.81,82.6,2.3462833333333335,790.0733333333334,0.0,12,2023-05-10,19.08,77.205,0.5034012169481533,21.984924902091844
2023-05-10 13:00:00,19.08,20.86,71.13,80.6,3.787183333333333,810.0366666666666,0.254,13,2023-05-10,19.97,75.865,0.5632970002354174,22.74224768299198
2023-05-11 11:00:00,19.25,21.05,68.73,76.78,2.8206333333333333,525.34,0.0,11,2023-05-11,20.15,72.755,0.6430042188207663,21.78683388270989
2023-05-11 12:00:00,20.44,22.58,66.08,75.43,2.97305,674.1983333333334,0.0,12,2023-05-11,21.509999999999998,70.755,0.750423553295566,23.335280014388097
2023-05-11 13:00:00,21.59,23.1,62.96,71.78,3.379566666666667,579.9050000000001,0.0,13,2023-05-11,22.345,67.37,0.8810236400129045,23.542333221981288
2023-05-12 11:00:00,12.05,13.52,97.9,99.9,2.2604666666666664,145.05716666666666,0.508,11,2023-05-12,12.785,98.9,0.01624519520514508,14.957094550285872
2023-05-12 12:00:00,12.94,15.24,90.9,98.2,2.6306000000000003,262.81166666666667,0.0,12,2023-05-12,14.09,94.55000000000001,0.08763411512402977,16.401071366403492
2023-05-12 13:00:00,14.58,16.31,82.9,93.8,3.2119666666666666,646.3,0.0,13,2023-05-12,15.445,88.35,0.20443670025030994,18.752766784637053
2023-05-13 11:00:00,17.25,19.02,65.52,74.2,5.616716666666666,631.8583333333333,0.0,11,2023-05-13,18.134999999999998,69.86,0.6273864795569698,20.42924377130906
2023-05-13 12:00:00,18.21,20.77,60.24,71.27,4.725016666666666,728.77,0.0,12,2023-05-13,19.490000000000002,65.755,0.7758108011691627,21.73206933830472
2023-05-13 13:00:00,19.35,20.72,58.41,70.93,5.0694,804.39,0.0,13,2023-05-13,20.035,64.67,0.827906328887487,22.395350823113144
2023-05-14 11:00:00,12.92,14.2,81.4,91.4,4.910566666666667,136.73833333333332,0.0,11,2023-05-14,13.559999999999999,86.4,0.21127966736589524,15.319428648986117
2023-05-14 12:00:00,12.88,13.87,80.2,85.4,5.255733333333334,170.66833333333335,0.0,12,2023-05-14,13.375,82.80000000000001,0.26400441780015615,15.20078276085644
2023-05-14 13:00:00,13.06,14.3,76.73,82.7,5.134200000000001,177.95499999999998,0.0,13,2023-05-14,13.68,79.715,0.3176040535423458,15.413916622363597
2023-05-15 11:00:00,11.06,12.38,85.5,93.5,4.095433333333333,167.965,0.0,11,2023-05-15,11.72,89.5,0.14457211305919082,13.924647936064172
2023-05-15 12:00:00,11.58,12.62,82.9,89.3,4.3405000000000005,172.2,0.0,12,2023-05-15,12.1,86.1,0.19624563941525344,14.195143822847882
2023-05-15 13:00:00,11.94,12.6,83.5,88.3,3.890233333333333,157.31866666666667,0.0,13,2023-05-15,12.27,85.9,0.2013100362511807,14.28361578076912
2023-05-16 11:00:00,12.12,16.92,56.03,97.5,1.17405,804.2333333333333,0.0,11,2023-05-16,14.52,76.765,0.3841570227590293,18.240188983666073
2023-05-16 12:00:00,16.72,18.97,38.59,61.34,1.1574666666666666,887.7,0.0,12,2023-05-16,17.845,49.965,1.0226951135653686,20.499192085330215
2023-05-16 13:00:00,18.54,20.1,35.01,48.23,1.6297833333333334,925.4833333333333,0.0,13,2023-05-16,19.32,41.62,1.3086732963356529,21.50001538697997
2023-05-17 11:00:00,20.25,22.35,46.06,59.97,4.1087,770.4300000000001,0.0,11,2023-05-17,21.3,53.015,1.1902263604374095,22.851676777365757
2023-05-17 12:00:00,21.73,23.2,40.74,52.72,4.241966666666666,865.7,0.0,12,2023-05-17,22.465,46.730000000000004,1.448837899823041,23.823685045256592
2023-05-17 13:00:00,22.86,24.38,39.76,48.55,4.260933333333333,908.6166666666667,0.0,13,2023-05-17,23.619999999999997,44.155,1.6287375692563255,24.717888857911664
2023-05-18 11:00:00,14.72,17.54,54.24,68.67,2.4102166666666665,531.1483333333333,0.0,11,2023-05-18,16.13,61.455,0.7066994238294192,18.21740500211401
2023-05-18 12:00:00,16.78,19.37,50.41,63.0,1.9348833333333333,651.11,0.0,12,2023-05-18,18.075000000000003,56.705,0.8978268368870481,20.05228608651378
2023-05-18 13:00:00,18.64,20.58,47.83,61.19,1.6369333333333331,643.985,0.0,13,2023-05-18,19.61,54.51,1.0382740249467952,21.15915016382715
2023-05-19 11:00:00,12.03,14.34,48.81,55.95,5.6212333333333335,775.7583333333333,0.0,11,2023-05-19,13.184999999999999,52.38,0.7219157622680762,16.489326311377955
2023-05-19 12:00:00,13.77,15.55,45.98,54.11,5.6375166666666665,847.725,0.0,12,2023-05-19,14.66,50.045,0.8334359728044578,17.862755339433537
2023-05-19 13:00:00,14.6,17.01,37.35,51.87,5.291383333333333,886.3733333333333,0.0,13,2023-05-19,15.805,44.61,0.9946728997523958,18.760380962025692
2023-05-20 11:00:00,16.11,18.41,43.23,57.76,2.9106666666666667,808.8933333333333,0.0,11,2023-05-20,17.259999999999998,50.495,0.9751931041579055,19.783296665637703
2023-05-20 12:00:00,17.79,19.16,39.61,50.7,2.9148666666666667,899.4166666666666,0.0,12,2023-05-20,18.475,45.155,1.1662486713186953,20.88014775992123
2023-05-20 13:00:00,18.35,20.39,37.14,48.1,3.2286,910.0333333333333,0.0,13,2023-05-20,19.37,42.620000000000005,1.290264554780052,21.516133062235593
2023-05-21 11:00:00,19.35,21.64,49.88,62.88,3.0752,698.935,0.0,11,2023-05-21,20.495,56.38,1.051633636132489,22.102053727607895
2023-05-21 12:00:00,21.12,23.24,46.46,57.65,3.855566666666667,770.9449999999999,0.0,12,2023-05-21,22.18,52.055,1.2816071902565263,23.486577074128036
2023-05-21 13:00:00,22.63,23.86,45.98,55.86,4.457433333333333,866.86,0.0,13,2023-05-21,23.244999999999997,50.92,1.3994376123250587,24.577975462128666
2023-05-22 11:00:00,19.77,22.16,60.19,77.01,2.3607500000000003,655.8733333333333,0.0,11,2023-05-22,20.965,68.6,0.7792424064329001,22.755205177338965
2023-05-22 12:00:00,21.63,23.34,53.15,69.69,3.5816,752.9683333333334,0.0,12,2023-05-22,22.485,61.42,1.0505743883520218,24.024006303556234
2023-05-22 13:00:00,22.86,24.38,45.17,61.4,4.464266666666666,798.65,0.0,13,2023-05-22,23.619999999999997,53.285,1.3624581528840407,24.719110678318142
2023-05-23 11:00:00,19.16,20.95,65.21,77.42,3.2892333333333337,662.63,0.0,11,2023-05-23,20.055,71.315,0.6730230098051267,22.141171635782566
2023-05-23 12:00:00,20.47,22.15,60.25,70.95,3.7251666666666665,713.435,0.0,12,2023-05-23,21.31,65.6,0.871956681822421,23.12238531135749
2023-05-23 13:00:00,21.54,22.82,55.89,67.19,4.133333333333334,777.4933333333333,0.0,13,2023-05-23,22.18,61.54,1.0280657532019188,23.877131324523884
2023-05-24 11:00:00,20.06,21.9,56.35,64.6,4.3094833333333336,684.7083333333334,0.0,11,2023-05-24,20.979999999999997,60.474999999999994,0.981781940334805,22.575495353181196
2023-05-24 12:00:00,21.11,23.24,51.83,60.97,4.944133333333334,762.2133333333334,0.0,12,2023-05-24,22.174999999999997,56.4,1.1651073122508033,23.620591063903
2023-05-24 13:00:00,21.78,23.29,51.16,58.02,5.3581666666666665,611.745,0.0,13,2023-05-24,22.535,54.59,1.2403219901911469,23.29809061422284
2023-05-25 11:00:00,19.96,21.79,64.94,74.58,4.575166666666666,604.4133333333334,0.0,11,2023-05-25,20.875,69.75999999999999,0.7463153304237793,22.54453943755219
2023-05-25 12:00:00,20.31,21.59,63.63,72.49,5.25405,534.4516666666666,0.0,12,2023-05-25,20.95,68.06,0.7919131714238296,22.298806734768778
2023-05-25 13:00:00,20.59,22.82,56.06,69.25,5.554633333333333,668.5733333333334,0.0,13,2023-05-25,21.705,62.655,0.9697611708651551,23.167202968912193
2023-05-26 11:00:00,14.77,15.72,91.5,94.9,4.891050000000001,39.676500000000004,1.016,11,2023-05-26,15.245000000000001,93.2,0.11780536684238563,16.581199968078543
2023-05-26 12:00:00,15.06,15.72,92.1,94.2,4.976216666666667,21.816166666666668,0.254,12,2023-05-26,15.39,93.15,0.11978178366824666,16.641972997014378
2023-05-26 13:00:00,15.06,17.0,86.6,93.5,4.848483333333333,127.49033333333334,0.254,13,2023-05-26,16.03,90.05,0.18126649402478898,17.479479750330725
2023-05-27 11:00:00,18.6,20.58,71.4,80.6,6.819183333333333,640.4933333333333,0.0,11,2023-05-27,19.59,76.0,0.5471015399862283,21.841729433686638
2023-05-27 12:00:00,19.68,21.9,66.29,77.83,6.98025,794.7233333333334,0.0,12,2023-05-27,20.79,72.06,0.6859564570946394,23.22419480387944
2023-05-27 13:00:00,21.14,22.96,61.95,71.56,7.128566666666667,889.3816666666667,0.0,13,2023-05-27,22.05,66.755,0.881657238815783,24.367932837050454
2023-05-28 11:00:00,17.96,19.73,68.89,79.02,5.033733333333333,748.815,0.0,11,2023-05-28,18.845,73.955,0.5668002224732932,21.544142177413725
2023-05-28 12:00:00,19.02,20.91,62.44,76.44,3.9857666666666662,729.2266666666667,0.0,12,2023-05-28,19.965,69.44,0.713032016530844,22.237946909363615
2023-05-28 13:00:00,20.05,20.9,67.2,77.13,3.40865,668.86,0.0,13,2023-05-28,20.475,72.16499999999999,0.6702462193788722,22.53240298190064
2023-05-29 11:00:00,21.17,23.76,59.1,77.0,1.2150333333333334,796.0483333333334,0.0,11,2023-05-29,22.465000000000003,68.05,0.8689763637947472,24.42070343916429
2023-05-29 12:00:00,22.85,25.2,48.41,71.07,1.4865166666666667,885.3,0.0,12,2023-05-29,24.025,59.739999999999995,1.2031290085469062,25.605762937606986
2023-05-29 13:00:00,24.83,26.2,45.43,63.62,2.40645,918.25,0.0,13,2023-05-29,25.515,54.525,1.4853328288721863,26.608192398135333
2023-05-30 11:00:00,21.78,24.56,54.43,73.84,1.6735666666666666,768.7199999999999,0.0,11,2023-05-30,23.17,64.135,1.018011923617464,24.72230271075468
2023-05-30 12:00:00,23.99,25.11,54.73,67.98,2.06405,793.7033333333333,0.0,12,2023-05-30,24.549999999999997,61.355000000000004,1.191755060929293,25.758416828319188
2023-05-30 13:00:00,24.73,25.96,54.39,68.72,2.6148666666666665,924.3166666666667,0.0,13,2023-05-30,25.345,61.555,1.2431044150767714,26.832756931472016
2023-05-31 11:00:00,21.69,23.05,48.89,62.45,2.7441666666666666,802.9050000000001,0.0,11,2023-05-31,22.37,55.67,1.198748762162396,23.883881794864525
2023-05-31 12:00:00,22.72,24.38,44.09,59.37,3.765416666666667,880.9433333333333,0.0,12,2023-05-31,23.549999999999997,51.730000000000004,1.401888905573224,24.889062753585492
2023-05-31 13:00:00,23.86,25.56,41.05,56.19,3.2734666666666663,881.615,0.0,13,2023-05-31,24.71,48.62,1.5996999006527424,25.613787644053527
2023-06-01 11:00:00,20.25,21.01,60.48,70.83,2.3947166666666666,178.62833333333336,0.0,11,2023-06-01,20.630000000000003,65.655,0.8349411371695632,20.712634517770805
2023-06-01 12:00:00,20.15,23.47,55.0,66.87,4.06165,535.4586206896552,0.0,12,2023-06-01,21.81,60.935,1.020950792722433,22.718426522966265
2023-06-01 13:00:00,20.26,23.51,56.65,69.96,4.603633333333334,329.87931034482756,0.0,13,2023-06-01,21.885,63.30499999999999,0.9634108473149651,22.1475818576002
2023-06-02 11:00:00,18.66,20.53,74.38,81.3,4.121083333333333,379.49833333333333,0.0,11,2023-06-02,19.595,77.84,0.5053139626365005,20.993188920843743
2023-06-02 12:00:00,20.2,22.08,68.93,76.27,3.883283333333333,640.4220338983051,0.0,12,2023-06-02,21.14,72.6,0.6873215318012843,22.986660897532207
2023-06-02 13:00:00,20.21,22.21,68.74,77.3,3.5238,273.85833333333335,0.0,13,2023-06-02,21.21,73.02,0.6796982395557415,21.775641719310844
2023-06-03 11:00:00,19.16,21.81,63.01,82.0,1.4412666666666667,449.455,0.0,11,2023-06-03,20.485,72.505,0.6624677052831334,21.78446432733946
2023-06-03 12:00:00,21.43,23.38,51.29,69.0,1.6275666666666666,648.2366666666666,0.0,12,2023-06-03,22.405,60.144999999999996,1.0800328718935917,23.545130669087627
2023-06-03 13:00:00,15.76,23.72,50.96,93.1,2.728916666666666,213.4921666666667,1.016,13,2023-06-03,19.74,72.03,0.643564814786809,20.337853601892462
2023-06-04 11:00:00,22.77,24.51,56.09,73.78,1.8327666666666667,839.9416666666667,0.0,11,2023-06-04,23.64,64.935,1.0239140140357474,25.371920512981504
2023-06-04 12:00:00,23.7,25.21,44.76,67.24,1.7735666666666667,864.0833333333334,0.0,12,2023-06-04,24.455,56.0,1.349209765989321,25.69378750598215
2023-06-04 13:00:00,23.88,25.82,38.47,56.79,2.1667166666666664,876.7900000000001,0.0,13,2023-06-04,24.85,47.629999999999995,1.6442002867458319,25.654174584218545
2023-06-05 11:00:00,23.42,25.06,42.15,60.88,0.8706666666666667,825.9983333333333,0.0,11,2023-06-05,24.240000000000002,51.515,1.467724731553021,25.201593305914788
2023-06-05 12:00:00,24.25,25.72,43.57,58.61,1.21665,890.275,0.0,12,2023-06-05,24.985,51.09,1.5479762987973353,25.958346866743867
2023-06-05 13:00:00,24.15,26.24,41.71,56.95,2.3375833333333333,990.41,0.0,13,2023-06-05,25.195,49.33,1.6238514229864376,26.38150043666967
2023-06-06 11:00:00,23.94,25.25,44.59,58.19,1.6513166666666665,837.36,0.0,11,2023-06-06,24.595,51.39,1.5030977276517794,25.498918294904918
2023-06-06 12:00:00,24.88,26.48,44.82,55.95,1.5910333333333333,934.1166666666667,0.0,12,2023-06-06,25.68,50.385000000000005,1.6364888682253436,26.588099474406587
2023-06-06 13:00:00,25.39,27.13,38.26,55.97,1.8924999999999998,1003.5,0.0,13,2023-06-06,26.259999999999998,47.114999999999995,1.805203574377744,27.09090481715227
2023-06-07 11:00:00,24.64,26.28,47.02,62.64,0.8184166666666666,843.675,0.0,11,2023-06-07,25.46,54.83,1.470563044016828,26.3207460861756
2023-06-07 12:00:00,25.94,27.21,39.17,52.93,1.4262666666666666,930.1916666666667,0.0,12,2023-06-07,26.575000000000003,46.05,1.8760588788707715,27.00563545897072
2023-06-07 13:00:00,26.98,28.07,35.38,52.35,1.7123833333333331,1004.5616666666666,0.0,13,2023-06-07,27.525,43.865,2.063880680186315,27.820088847063175
2023-06-08 11:00:00,26.01,28.68,33.76,60.04,0.7641666666666667,845.8983333333333,0.0,11,2023-06-08,27.345,46.9,1.931853739741385,27.29960624404166
2023-06-08 12:00:00,27.96,28.99,32.3,45.08,1.0518666666666667,945.9666666666667,0.0,12,2023-06-08,28.475,38.69,2.382347140850851,27.979729979099602
2023-06-08 13:00:00,27.95,29.65,31.93,47.31,1.3054833333333333,882.955,0.0,13,2023-06-08,28.799999999999997,39.620000000000005,2.3908141057227343,28.029662046702033
2023-06-09 11:00:00,26.25,28.35,40.69,58.21,0.9492499999999999,834.09,0.0,11,2023-06-09,27.3,49.45,1.8342440791498982,27.36066108523265
2023-06-09 12:00:00,27.96,29.23,36.97,52.98,1.6820166666666667,927.95,0.0,12,2023-06-09,28.595,44.974999999999994,2.153059521827656,28.353538693349897
2023-06-09 13:00:00,28.38,30.6,35.01,48.56,2.2206333333333332,952.6066666666667,0.0,13,2023-06-09,29.490000000000002,41.785,2.3987562920010066,28.86222670993188
2023-06-10 11:00:00,21.73,24.19,58.12,75.12,2.99065,732.325,0.0,11,2023-06-10,22.96,66.62,0.9355238141421831,24.531827969493836
2023-06-10 12:00:00,22.63,24.8,55.32,69.28,3.0632333333333337,681.0233333333333,0.0,12,2023-06-10,23.715,62.3,1.1058363824239192,24.762168912151985
2023-06-10 13:00:00,23.37,25.36,52.81,65.32,2.636483333333333,912.3266666666666,0.0,13,2023-06-10,24.365000000000002,59.065,1.2484837235884774,25.930391934130043
2023-06-11 11:00:00,18.27,20.34,59.9,70.6,5.018866666666667,663.495,0.0,11,2023-06-11,19.305,65.25,0.7782453498861097,21.33912674266514
2023-06-11 12:00:00,19.02,21.15,53.31,67.04,4.079733333333333,783.3933333333333,0.0,12,2023-06-11,20.085,60.175000000000004,0.9361316436935418,22.208435783311035
2023-06-11 13:00:00,19.95,21.14,48.64,58.82,3.653566666666667,594.2633333333334,0.0,13,2023-06-11,20.545,53.730000000000004,1.118966520820428,21.681570211477048
2023-06-12 11:00:00,17.49,19.07,46.0,57.47,1.7714333333333334,737.6466666666668,0.0,11,2023-06-12,18.28,51.735,1.0138583758360262,20.3652686883711
2023-06-12 12:00:00,18.54,19.96,44.41,57.06,1.7772833333333333,704.74,0.0,12,2023-06-12,19.25,50.735,1.0995456135621704,20.969748860334853
2023-06-12 13:00:00,18.64,20.44,44.68,55.23,3.0147833333333334,761.605,0.0,13,2023-06-12,19.54,49.955,1.1372832151575913,21.366356838021495
2023-06-13 11:00:00,19.79,22.15,44.53,67.8,1.3772166666666665,876.0016666666667,0.0,11,2023-06-13,20.97,56.165,1.0881715238146266,23.082057123802123
2023-06-13 12:00:00,21.16,22.72,35.0,56.8,1.7998666666666667,961.0666666666667,0.0,12,2023-06-13,21.939999999999998,45.9,1.4251441343877547,23.735074338471087
2023-06-13 13:00:00,21.91,23.57,34.55,48.99,1.58165,990.7533333333333,0.0,13,2023-06-13,22.740000000000002,41.769999999999996,1.6103849030148685,24.266378557295113
2023-06-14 11:00:00,22.87,24.6,33.2,43.08,1.4263833333333333,808.4416666666667,0.0,11,2023-06-14,23.735,38.14,1.8166944284165487,24.19478891212934
2023-06-14 12:00:00,23.84,25.21,31.78,40.53,1.3402333333333334,897.2833333333333,0.0,12,2023-06-14,24.525,36.155,1.965945959183241,24.976620025850966
2023-06-14 13:00:00,24.5,26.58,30.76,38.87,1.5746333333333333,921.1616666666666,0.0,13,2023-06-14,25.54,34.815,2.1322733108169243,25.702069532648796
2023-06-15 11:00:00,25.32,27.19,36.68,43.95,5.102083333333334,792.8416666666667,0.0,11,2023-06-15,26.255000000000003,40.315,2.0367173413731465,26.013555688342272
2023-06-15 12:00:00,26.24,28.28,33.97,41.07,3.88625,817.2383333333333,0.0,12,2023-06-15,27.259999999999998,37.519999999999996,2.2618301464924984,26.646880454252543
2023-06-15 13:00:00,26.9,29.3,32.14,40.93,3.1738166666666667,951.6283333333333,0.0,13,2023-06-15,28.1,36.535,2.412936237447249,27.62894162236816
2023-06-16 11:00:00,18.08,19.56,73.65,80.1,3.50565,284.62166666666667,0.0,11,2023-06-16,18.82,76.875,0.5024688567442627,19.990995991054152
2023-06-16 12:00:00,18.74,20.67,68.36,77.16,3.9201333333333332,548.4551724137931,0.0,12,2023-06-16,19.705,72.75999999999999,0.6254087514536237,21.50610041384052
2023-06-16 13:00:00,18.97,21.95,61.83,74.14,4.055733333333333,812.5842105263158,0.0,13,2023-06-16,20.46,67.985,0.7701846416253176,22.877477006485396
2023-06-17 11:00:00,17.11,18.47,49.19,64.93,1.3237666666666668,526.1666666666666,0.0,11,2023-06-17,17.79,57.06,0.8746419162492365,19.40065255477194
2023-06-17 12:00:00,18.03,20.01,47.35,61.97,1.2396333333333334,897.4033333333333,0.0,12,2023-06-17,19.020000000000003,54.66,0.9975419292819843,21.591875869207794
2023-06-17 13:00:00,19.44,21.68,43.92,57.6,1.4670666666666667,962.8833333333333,0.0,13,2023-06-17,20.560000000000002,50.760000000000005,1.1918927335749108,22.879047202983053
2023-06-18 11:00:00,24.14,26.76,34.89,51.12,1.6733666666666667,838.5766666666666,0.0,11,2023-06-18,25.450000000000003,43.004999999999995,1.854438868511505,25.737581973991652
2023-06-18 12:00:00,26.38,28.18,31.4,40.97,3.0237833333333333,928.2666666666667,0.0,12,2023-06-18,27.28,36.185,2.3128649709553715,26.978879125448046
2023-06-18 13:00:00,26.99,28.78,33.97,39.54,3.7310666666666665,940.525,0.0,13,2023-06-18,27.884999999999998,36.754999999999995,2.374656040295091,27.45853624157212
2023-06-19 11:00:00,27.1,28.6,41.98,48.85,4.929883333333334,832.605,0.0,11,2023-06-19,27.85,45.415,2.045322968506306,27.52789919566586
2023-06-19 12:00:00,28.08,29.91,41.37,48.3,4.818616666666667,923.15,0.0,12,2023-06-19,28.994999999999997,44.834999999999994,2.2090936335434486,28.603489231361998
2023-06-19 13:00:00,29.34,30.8,39.95,45.39,5.362116666666666,960.3,0.0,13,2023-06-19,30.07,42.67,2.4423330537433943,29.33056707207208
2023-06-20 11:00:00,23.68,24.81,65.36,70.37,4.42865,365.26666666666665,0.0,11,2023-06-20,24.244999999999997,67.86500000000001,0.9730734235920555,24.31062686912485
2023-06-20 12:00:00,22.86,24.43,68.81,77.09,4.937283333333334,246.40166666666667,0.0,12,2023-06-20,23.645,72.95,0.7901100883894202,23.637896205168676
2023-06-20 13:00:00,23.53,26.46,61.74,71.75,4.85315,419.22166666666664,0.0,13,2023-06-20,24.995,66.745,1.0531307768950928,25.03588620683545
2023-06-21 11:00:00,21.68,23.76,66.37,79.63,1.8257166666666669,398.62333333333333,0.0,11,2023-06-21,22.72,73.0,0.7457962822982921,23.43017705733414
2023-06-21 12:00:00,23.48,26.4,61.16,72.86,1.9041166666666667,709.7783333333333,0.0,12,2023-06-21,24.939999999999998,67.00999999999999,1.0413207598019962,26.02210906495377
2023-06-21 13:00:00,24.21,25.92,60.81,72.31,2.46855,739.3766666666667,0.0,13,2023-06-21,25.065,66.56,1.0634131579845378,26.20241925425576
2023-06-22 11:00:00,20.82,22.94,74.06,86.0,2.0521333333333334,431.80833333333334,0.0,11,2023-06-22,21.880000000000003,80.03,0.5241435308423977,23.136921046945194
2023-06-22 12:00:00,22.44,23.57,70.77,80.2,2.336316666666667,535.75,0.0,12,2023-06-22,23.005000000000003,75.485,0.6889419480445631,24.24050917533539
2023-06-22 13:00:00,23.1,24.74,62.98,79.56,2.759516666666667,839.135,0.0,13,2023-06-22,23.92,71.27,0.85317164598846,25.860273613316735
2023-06-23 11:00:00,22.25,24.0,67.93,81.5,1.8669166666666668,383.8283333333333,0.0,11,2023-06-23,23.125,74.715,0.7157547991545097,23.77430470789263
2023-06-23 12:00:00,23.62,25.93,56.63,72.29,2.935016666666667,865.7199999999999,0.0,12,2023-06-23,24.775,64.46000000000001,1.1108275072472928,26.323570114491428
2023-06-23 13:00:00,25.06,27.53,52.33,64.4,2.6502333333333334,876.8482758620689,0.0,13,2023-06-23,26.295,58.365,1.4241275921601886,27.23063395688497
2023-06-24 11:00:00,22.7,25.51,38.14,66.26,3.6744166666666667,841.1550000000001,0.0,11,2023-06-24,24.105,52.2,1.4353263865092232,25.18416923956163
2023-06-24 12:00:00,24.85,26.26,34.38,46.49,5.186133333333333,928.6333333333333,0.0,12,2023-06-24,25.555,40.435,1.9501713223659403,26.005318249236055
2023-06-24 13:00:00,25.93,27.2,28.23,40.3,4.783783333333333,975.9166666666666,0.0,13,2023-06-24,26.564999999999998,34.265,2.2845257777258015,26.56469595563092
2023-06-25 11:00:00,21.19,22.86,39.49,48.44,3.8874166666666667,834.975,0.0,11,2023-06-25,22.025,43.965,1.4837858819005103,23.28267297124426
2023-06-25 12:00:00,21.96,23.81,33.14,45.17,3.7127166666666667,927.6,0.0,12,2023-06-25,22.884999999999998,39.155,1.697548303299901,24.045104960215145
2023-06-25 13:00:00,23.34,24.95,31.58,40.85,3.7166,969.9166666666666,0.0,13,2023-06-25,24.145,36.215,1.9199195284185726,24.9669750171264
2023-06-26 11:00:00,24.0,25.39,37.83,50.98,2.7373166666666666,866.6033333333332,0.0,11,2023-06-26,24.695,44.405,1.729383206639453,25.36015601703946
2023-06-26 12:00:00,23.97,25.58,38.84,50.74,2.31015,821.9633333333334,0.0,12,2023-06-26,24.775,44.790000000000006,1.7256270870884367,25.278962390388436
2023-06-26 13:00:00,25.11,26.63,36.85,45.6,2.3224,955.45,0.0,13,2023-06-26,25.869999999999997,41.225,1.9605542818793078,26.358171291275003
2023-06-27 11:00:00,21.9,23.86,54.68,62.57,4.015533333333334,570.85,0.0,11,2023-06-27,22.88,58.625,1.153994645854999,23.580282763510255
2023-06-27 12:00:00,23.15,25.14,49.94,60.79,5.36625,815.0366666666666,0.0,12,2023-06-27,24.145,55.364999999999995,1.3435072219324762,25.26069286153124
2023-06-27 13:00:00,24.24,26.21,49.9,55.65,6.2306,913.0166666666667,0.0,13,2023-06-27,25.225,52.775,1.5161500273127275,26.29289079372988
2023-06-28 11:00:00,24.18,26.49,58.72,68.09,4.582583333333333,796.8333333333334,0.0,11,2023-06-28,25.335,63.405,1.1825825752550718,26.465621932546814
2023-06-28 12:00:00,26.06,27.9,52.94,63.18,4.394216666666667,890.2833333333333,0.0,12,2023-06-28,26.979999999999997,58.06,1.49355005887526,27.77294408129754
2023-06-28 13:00:00,27.14,29.3,49.11,57.56,3.87245,932.5666666666667,0.0,13,2023-06-28,28.22,53.335,1.786625930271843,28.574775734439157
2023-06-29 11:00:00,24.05,25.63,49.73,60.54,1.61205,814.4766666666667,0.0,11,2023-06-29,24.84,55.135,1.4077347226451093,25.77025298549793
2023-06-29 12:00:00,24.92,26.76,46.11,56.18,1.1928833333333335,890.02,0.0,12,2023-06-29,25.840000000000003,51.144999999999996,1.6267627488515104,26.587064014165314
2023-06-29 13:00:00,26.0,27.65,44.18,56.65,1.37755,938.6166666666667,0.0,13,2023-06-29,26.825,50.415,1.7498045244222553,27.435691772921068
2023-06-30 11:00:00,19.54,20.67,74.58,83.1,1.5581833333333333,289.7916666666667,0.0,11,2023-06-30,20.105,78.84,0.49800544247629847,21.133512941742705
2023-06-30 12:00:00,20.34,21.86,71.5,80.1,1.2724333333333333,389.0833333333333,0.0,12,2023-06-30,21.1,75.8,0.6055621068283417,22.190726611765573
2023-06-30 13:00:00,20.52,22.69,67.94,80.1,1.58455,482.37833333333333,0.0,13,2023-06-30,21.605,74.02,0.6705286237939803,22.8624076621654
2023-07-01 11:00:00,16.78,19.76,77.01,93.2,2.242166666666667,376.68333333333334,0.0,11,2023-07-01,18.270000000000003,85.105,0.3126892915376276,20.10989219393711
2023-07-01 12:00:00,18.7,20.82,72.83,93.3,3.2590833333333333,513.4456140350877,0.0,12,2023-07-01,19.759999999999998,83.065,0.39014294174685926,21.77255238358986
2023-07-01 13:00:00,20.53,22.07,64.4,85.1,3.50595,888.5583333333333,0.0,13,2023-07-01,21.3,74.75,0.6396342577640648,24.063484492908774
2023-07-02 11:00:00,25.97,27.9,44.86,57.74,3.094933333333333,807.0699999999999,0.0,11,2023-07-02,26.935,51.3,1.7297104160402113,27.100114896741694
2023-07-02 12:00:00,27.47,29.06,39.0,52.36,3.0583,899.7166666666667,0.0,12,2023-07-02,28.265,45.68,2.085153197248176,28.066086197323482
2023-07-02 13:00:00,28.54,29.62,36.4,48.19,3.0048000000000004,942.1833333333333,0.0,13,2023-07-02,29.08,42.295,2.322184070393176,28.58007476459656
2023-07-03 11:00:00,25.68,28.18,43.37,55.44,3.65655,807.0683333333333,0.0,11,2023-07-03,26.93,49.405,1.7964890742540398,26.998930008998308
2023-07-03 12:00:00,27.56,29.3,42.42,50.23,4.30695,899.6833333333333,0.0,12,2023-07-03,28.43,46.325,2.08023180208283,28.216655553646564
2023-07-03 13:00:00,28.97,30.33,38.32,49.01,4.301366666666667,941.8666666666667,0.0,13,2023-07-03,29.65,43.665,2.342761095922701,29.045029744245415
2023-07-04 11:00:00,24.28,25.88,53.48,59.77,5.4299333333333335,808.3633333333333,0.0,11,2023-07-04,25.08,56.625,1.380584736721115,25.99702379842105
2023-07-04 12:00:00,24.4,26.3,51.86,61.36,4.589383333333333,541.4965517241379,0.0,12,2023-07-04,25.35,56.61,1.4034159118523464,25.264784858848582
2023-07-04 13:00:00,24.98,27.91,49.7,59.02,4.277950000000001,587.6866666666666,0.0,13,2023-07-04,26.445,54.36,1.5749837697865336,26.130326867142863
2023-07-05 11:00:00,13.78,15.34,80.3,89.6,4.1097,321.1666666666667,0.0,11,2023-07-05,14.559999999999999,84.94999999999999,0.24947388854722888,16.77954619493985
2023-07-05 12:00:00,14.77,15.42,75.97,84.3,3.78375,144.265,0.0,12,2023-07-05,15.094999999999999,80.13499999999999,0.3408445484845479,16.493352904697407
2023-07-05 13:00:00,13.68,15.37,77.94,88.4,3.7203166666666667,103.90333333333334,0.0,13,2023-07-05,14.524999999999999,83.17,0.2783495654450527,15.946804796771339
2023-07-06 11:00:00,13.39,14.82,86.2,91.2,1.4567333333333332,140.39583333333334,0.0,11,2023-07-06,14.105,88.7,0.18187690963409106,15.849013897697235
2023-07-06 12:00:00,14.29,16.88,78.75,88.6,2.1301666666666668,253.66666666666666,0.0,12,2023-07-06,15.584999999999999,83.675,0.28905775163658887,17.37764959346028
2023-07-06 13:00:00,16.59,18.24,74.13,82.4,1.9232,405.37,0.0,13,2023-07-06,17.415,78.265,0.4323702733981368,19.292908103572703
2023-07-07 11:00:00,20.49,23.01,57.52,78.91,3.619466666666667,792.9733333333334,0.0,11,2023-07-07,21.75,68.215,0.8276529034332262,23.847809956688494
2023-07-07 12:00:00,22.63,24.52,53.09,64.58,2.9076,877.5849999999999,0.0,12,2023-07-07,23.575,58.835,1.1973421996483418,25.195651310509906
2023-07-07 13:00:00,23.81,25.37,48.65,62.25,4.037716666666666,920.615,0.0,13,2023-07-07,24.59,55.45,1.3771446467638482,25.968592762192422
2023-07-08 11:00:00,15.74,17.11,74.67,84.8,0.9502,251.375,0.0,11,2023-07-08,16.425,79.735,0.3785982927228324,17.970594975551894
2023-07-08 12:00:00,16.78,19.35,60.28,81.3,1.6652,601.5545454545454,0.0,12,2023-07-08,18.065,70.78999999999999,0.6053596588054633,20.29421940382299
2023-07-08 13:00:00,18.54,19.35,59.19,70.19,1.5671666666666666,351.79833333333335,0.0,13,2023-07-08,18.945,64.69,0.7732412505445241,19.94224435337711
2023-07-09 11:00:00,19.68,21.87,65.9,74.72,3.491116666666666,796.615,0.0,11,2023-07-09,20.775,70.31,0.7282483766215606,23.156442353898736
2023-07-09 12:00:00,21.54,23.72,59.68,72.7,3.172683333333333,834.5566666666667,0.0,12,2023-07-09,22.63,66.19,0.9288200704863946,24.612259231128064
2023-07-09 13:00:00,22.86,24.98,53.62,68.4,3.3855166666666667,843.3362068965517,0.0,13,2023-07-09,23.92,61.010000000000005,1.1578545937030995,25.43318756326844
2023-07-10 11:00:00,26.16,28.88,54.99,68.89,3.346983333333333,785.6483333333333,0.0,11,2023-07-10,27.52,61.94,1.3989195854788534,28.01373576772233
2023-07-10 12:00:00,28.5,30.57,47.41,60.87,4.5411,878.9833333333333,0.0,12,2023-07-10,29.535,54.14,1.8945685887925756,29.374767212917437
2023-07-10 13:00:00,30.09,31.55,43.25,51.37,4.6190500000000005,923.95,0.0,13,2023-07-10,30.82,47.31,2.34299708286257,29.999879229849277
2023-07-11 11:00:00,25.49,27.24,60.72,68.42,3.935,458.495,0.0,11,2023-07-11,26.365,64.57,1.2168977319659582,26.12778078864936
2023-07-11 12:00:00,26.68,29.32,52.7,66.12,3.798783333333333,834.7766666666666,0.0,12,2023-07-11,28.0,59.410000000000004,1.534273734745677,28.407021417952105
2023-07-11 13:00:00,29.03,29.88,48.54,58.54,4.354299999999999,924.05,0.0,13,2023-07-11,29.455,53.54,1.9105355525689929,29.439748448774964
2023-07-12 11:00:00,23.05,26.62,54.46,76.48,1.5689166666666667,798.2316666666667,0.0,11,2023-07-12,24.835,65.47,1.083129100680272,26.179723637346942
2023-07-12 12:00:00,26.29,28.36,39.34,63.21,2.7342999999999997,890.4833333333333,0.0,12,2023-07-12,27.325,51.275000000000006,1.77061150458002,27.67205498502564
2023-07-12 13:00:00,27.93,29.02,39.81,54.31,3.4118500000000003,935.2166666666667,0.0,13,2023-07-12,28.475,47.06,2.0571107101067376,28.413697803678566
2023-07-13 11:00:00,18.95,22.89,63.27,88.2,1.6015000000000001,383.5345,3.556,11,2023-07-13,20.92,75.735,0.6005127854309613,22.02202721112511
2023-07-13 12:00:00,20.29,23.14,62.24,84.5,2.511083333333333,382.7488333333333,1.27,12,2023-07-13,21.715,73.37,0.6919405718844788,22.578357087434178
2023-07-13 13:00:00,22.33,26.99,56.23,77.02,2.315033333333333,763.0216666666668,0.0,13,2023-07-13,24.659999999999997,66.625,1.036022376220891,25.97254338781304
2023-07-14 11:00:00,16.32,19.39,82.6,95.4,1.24975,370.13649999999996,0.254,11,2023-07-14,17.855,89.0,0.22497711967824333,19.85311092646655
2023-07-14 12:00:00,18.96,21.48,75.87,87.7,0.7944166666666667,515.8066666666667,0.0,12,2023-07-14,20.22,81.785,0.43175300260346466,22.12068147955831
2023-07-14 13:00:00,21.14,23.29,67.06,82.7,1.11315,852.6116666666666,0.0,13,2023-07-14,22.215,74.88,0.6729089746106252,24.68547282014793
2023-07-15 11:00:00,23.72,25.82,54.42,67.12,1.1160666666666665,695.2733333333333,0.0,11,2023-07-15,24.77,60.77,1.22579526978891,25.555953525472752
2023-07-15 12:00:00,25.4,27.14,43.1,61.69,1.2290833333333333,797.0783333333333,0.0,12,2023-07-15,26.27,52.394999999999996,1.6259322948087134,26.637072339194034
2023-07-15 13:00:00,26.52,27.46,42.08,55.8,1.6292499999999999,839.3833333333333,0.0,13,2023-07-15,26.990000000000002,48.94,1.8193949511639642,27.13101898747892
2023-07-16 11:00:00,22.46,25.56,51.3,70.58,2.0631833333333334,728.625,0.0,11,2023-07-16,24.009999999999998,60.94,1.166217918375771,25.09787151835513
2023-07-16 12:00:00,25.12,26.67,46.85,61.8,1.8951666666666669,844.6233333333333,0.0,12,2023-07-16,25.895000000000003,54.325,1.5258336265947836,26.622372908104232
2023-07-16 13:00:00,26.01,27.19,46.65,59.83,1.9830166666666666,922.75,0.0,13,2023-07-16,26.6,53.239999999999995,1.6284277040448256,27.360404829135003
2023-07-17 11:00:00,22.58,24.24,67.02,77.13,2.0741666666666667,755.3183333333333,0.0,11,2023-07-17,23.409999999999997,72.07499999999999,0.8042026410675791,25.194220337118676
2023-07-17 12:00:00,23.57,25.64,64.71,74.07,2.2607333333333335,856.3166666666667,0.0,12,2023-07-17,24.605,69.38999999999999,0.947075073721584,26.38019947643704
2023-07-17 13:00:00,24.79,26.19,62.33,73.66,2.087216666666667,894.8,0.0,13,2023-07-17,25.490000000000002,67.995,1.0438176888864152,27.1445643511147
2023-07-18 11:00:00,19.37,21.81,79.52,88.9,1.9231166666666666,485.14833333333337,0.0,11,2023-07-18,20.59,84.21000000000001,0.3829165936574856,22.406090105863314
2023-07-18 12:00:00,21.37,24.14,73.47,85.3,1.3805,653.5406779661017,0.0,12,2023-07-18,22.755000000000003,79.38499999999999,0.5706384405790389,24.606816634041753
2023-07-18 13:00:00,23.18,25.58,69.63,79.58,1.7335166666666666,797.33,0.0,13,2023-07-18,24.38,74.60499999999999,0.7752222050484824,26.227182802679703
2023-07-19 11:00:00,22.14,25.23,78.41,92.6,1.5101666666666667,463.8833333333333,0.0,11,2023-07-19,23.685000000000002,85.505,0.4244083568835767,24.964149549185485
2023-07-19 12:00:00,24.18,26.25,73.16,83.2,1.6154833333333334,725.17,0.0,12,2023-07-19,25.215,78.18,0.7001106791688099,26.809984515205226
2023-07-19 13:00:00,25.71,26.98,70.2,81.1,1.0074166666666666,559.7816666666666,0.0,13,2023-07-19,26.345,75.65,0.8353525858653641,27.01812458382856
2023-07-20 11:00:00,21.79,23.48,51.56,63.71,2.29785,570.1333333333333,0.0,11,2023-07-20,22.634999999999998,57.635000000000005,1.1641939623591502,23.349835421245896
2023-07-20 12:00:00,22.53,23.86,49.3,60.59,1.1434833333333332,315.03499999999997,0.0,12,2023-07-20,23.195,54.945,1.2807984764517193,22.775114709145008
2023-07-20 13:00:00,22.96,24.28,50.82,59.48,1.2610833333333333,391.6333333333333,0.0,13,2023-07-20,23.62,55.15,1.3080648219383335,23.373422674856087
2023-07-21 11:00:00,20.88,22.72,60.08,77.2,2.2024833333333333,777.6383333333334,0.0,11,2023-07-21,21.799999999999997,68.64,0.8190830297791987,23.850063773486827
2023-07-21 12:00:00,22.01,24.03,57.07,70.26,1.9150833333333332,876.58,0.0,12,2023-07-21,23.020000000000003,63.665000000000006,1.0220446682405255,24.963465231051245
2023-07-21 13:00:00,23.27,24.54,52.46,65.52,1.72095,871.5833333333334,0.0,13,2023-07-21,23.905,58.989999999999995,1.2167442037420977,25.43361257124063
2023-07-22 11:00:00,25.58,27.4,58.5,69.87,0.9700333333333333,672.6116666666666,0.0,11,2023-07-22,26.49,64.185,1.2392147823967348,26.953579398858068
2023-07-22 12:00:00,27.17,30.45,39.19,64.04,0.7981,885.0766666666666,0.0,12,2023-07-22,28.810000000000002,51.615,1.9169676770015196,28.732865201681136
2023-07-22 13:00:00,29.68,31.15,37.09,50.84,1.0896833333333333,905.1783333333333,0.0,13,2023-07-22,30.415,43.965,2.4347857836471025,29.448734780378366
2023-07-23 11:00:00,26.53,29.76,55.15,67.84,1.1861333333333335,762.36,0.0,11,2023-07-23,28.145000000000003,61.495000000000005,1.4677955296914735,28.376106481947367
2023-07-23 12:00:00,29.52,31.07,51.8,72.95,1.5939166666666666,858.2866666666666,0.0,12,2023-07-23,30.295,62.375,1.6236656195248602,30.356338185022288
2023-07-23 13:00:00,29.6,31.17,60.89,73.66,1.96855,900.0,0.0,13,2023-07-23,30.385,67.275,1.419501850865233,30.87667231624541
2023-07-24 11:00:00,29.55,31.05,41.94,55.7,2.5521833333333332,763.455,0.0,11,2023-07-24,30.3,48.82,2.209248870953179,29.179681637117895
2023-07-24 12:00:00,30.36,32.05,46.08,58.59,1.8746166666666668,859.8,0.0,12,2023-07-24,31.205,52.335,2.166513094269857,30.366206013308705
2023-07-24 13:00:00,31.77,33.56,34.59,54.39,1.7962500000000001,905.4233333333334,0.0,13,2023-07-24,32.665,44.49,2.7401929977812345,30.964251819883877
2023-07-25 11:00:00,26.7,29.19,65.73,76.36,1.3104166666666666,702.4616666666666,0.0,11,2023-07-25,27.945,71.045,1.0909787379431612,28.53884666331575
2023-07-25 12:00:00,28.86,30.92,57.24,69.75,2.4983500000000003,838.4683333333334,0.0,12,2023-07-25,29.89,63.495000000000005,1.5391849145773875,30.057121040529456
2023-07-25 13:00:00,30.36,33.47,50.27,65.07,2.8864333333333336,891.5333333333333,0.0,13,2023-07-25,31.915,57.67,2.0030490595138817,31.33199553037154
2023-07-26 11:00:00,30.6,33.56,43.68,54.34,1.0865166666666668,749.17,0.0,11,2023-07-26,32.08,49.010000000000005,2.435441814729082,30.35030436864283
2023-07-26 12:00:00,33.08,34.8,37.9,53.04,1.9546166666666667,857.675,0.0,12,2023-07-26,33.94,45.47,2.890916519331511,31.687833546969312
2023-07-26 13:00:00,33.53,37.17,24.52,51.27,1.7497166666666668,850.9866666666666,0.0,13,2023-07-26,35.35,37.895,3.5600865572678035,31.92082782529502
2023-07-27 11:00:00,30.61,34.27,32.57,49.95,2.2775000000000003,763.1583333333333,0.0,11,2023-07-27,32.44,41.260000000000005,2.863153348416852,30.092281811462232
2023-07-27 12:00:00,33.04,34.89,29.63,44.12,3.3177000000000003,857.2666666666667,0.0,12,2023-07-27,33.965,36.875,3.3512450207107687,31.040678053302724
2023-07-27 13:00:00,33.66,35.36,31.35,46.93,2.8996833333333334,901.7666666666667,0.0,13,2023-07-27,34.51,39.14,3.3303691122247385,31.70084812060746
2023-07-28 11:00:00,26.6,30.38,44.44,66.61,3.065366666666667,710.7533333333333,0.0,11,2023-07-28,28.490000000000002,55.525,1.7296873785592481,28.11588996775576
2023-07-28 12:00:00,30.05,32.59,35.55,51.97,3.5979,823.135,0.0,12,2023-07-28,31.32,43.76,2.573029888627494,29.748479161490135
2023-07-28 13:00:00,31.87,33.61,34.12,44.8,3.9050000000000002,808.3349999999999,0.0,13,2023-07-28,32.74,39.459999999999994,3.001120206897979,30.311348199997934
2023-07-29 11:00:00,26.72,29.54,38.49,49.08,2.1800333333333333,759.3833333333333,0.0,11,2023-07-29,28.13,43.785,2.141024976055988,27.376455451385485
2023-07-29 12:00:00,28.4,30.69,35.59,53.05,1.7274,831.3783333333333,0.0,12,2023-07-29,29.545,44.32,2.301576793448861,28.62668781616582
2023-07-29 13:00:00,29.04,30.74,38.49,55.31,2.3075833333333335,885.2333333333333,0.0,13,2023-07-29,29.89,46.900000000000006,2.2388910824286885,29.20622459714507
2023-07-30 11:00:00,26.49,28.81,60.56,72.04,2.3799166666666665,721.1133333333333,0.0,11,2023-07-30,27.65,66.30000000000001,1.2481061002862601,28.11964282125159
2023-07-30 12:00:00,28.48,31.17,48.72,64.0,3.4127666666666667,821.48,0.0,12,2023-07-30,29.825000000000003,56.36,1.833168134321178,29.514836205234296
2023-07-30 13:00:00,30.46,33.23,38.58,52.24,3.6514666666666664,871.1166666666667,0.0,13,2023-07-30,31.845,45.41,2.5729833321318885,30.373232501742095
2023-07-31 11:00:00,23.34,25.39,65.55,78.74,2.320266666666667,718.4533333333333,0.0,11,2023-07-31,24.365000000000002,72.145,0.8495545161978026,25.830282618179858
2023-07-31 12:00:00,25.01,26.99,60.27,73.59,1.7708333333333333,833.3333333333334,0.0,12,2023-07-31,26.0,66.93,1.1116281513188675,27.274805847254314
2023-07-31 13:00:00,26.14,28.06,59.45,69.32,1.9965000000000002,873.1833333333333,0.0,13,2023-07-31,27.1,64.38499999999999,1.2772645082059289,28.131108129768073
2023-08-01 11:00:00,24.84,26.86,67.84,83.1,1.8083166666666666,527.0400000000001,0.0,11,2023-08-01,25.85,75.47,0.817277945942972,26.499086978382692
2023-08-01 12:00:00,25.86,28.08,59.32,70.48,2.73,717.035,0.0,12,2023-08-01,26.97,64.9,1.2492335427000207,27.51213386308497
2023-08-01 13:00:00,26.89,29.57,46.8,64.42,2.619,826.575,0.0,13,2023-08-01,28.23,55.61,1.700512978400438,28.337368681319365
2023-08-02 11:00:00,25.9,29.2,50.73,61.38,1.6157666666666666,700.6833333333333,0.0,11,2023-08-02,27.549999999999997,56.055,1.6180603515400962,27.42470415693353
2023-08-02 12:00:00,28.0,29.33,46.53,60.35,2.16095,811.9466666666667,0.0,12,2023-08-02,28.665,53.44,1.8292399605172085,28.477965390583382
2023-08-02 13:00:00,28.14,30.93,45.75,56.26,2.5850333333333335,837.7633333333334,0.0,13,2023-08-02,29.535,51.004999999999995,2.024081727167297,29.04270316227409
2023-08-03 11:00:00,22.77,24.65,74.99,84.9,1.9728999999999999,577.6833333333333,0.0,11,2023-08-03,23.71,79.945,0.5880869831804574,25.146865541055003
2023-08-03 12:00:00,23.99,26.1,64.02,81.5,2.1836333333333333,785.6733333333334,0.0,12,2023-08-03,25.045,72.75999999999999,0.865218313430435,26.63444011219254
2023-08-03 13:00:00,25.01,26.85,62.6,74.53,1.2606,485.34166666666664,0.0,13,2023-08-03,25.93,68.565,1.0523040326821078,26.08195498594428
2023-08-04 11:00:00,24.5,26.43,56.42,71.3,2.6913666666666667,727.4233333333334,0.0,11,2023-08-04,25.465,63.86,1.1769298963350885,26.34398331698079
2023-08-04 12:00:00,26.01,28.26,52.39,62.4,2.031616666666667,830.0566666666667,0.0,12,2023-08-04,27.135,57.394999999999996,1.5310854637522722,27.642574410892543
2023-08-04 13:00:00,27.64,29.29,47.31,59.38,1.8070166666666667,771.44,0.0,13,2023-08-04,28.465,53.345,1.81184042065991,28.187421390043134
2023-08-05 11:00:00,24.38,26.1,57.33,69.65,3.261683333333333,737.995,0.0,11,2023-08-05,25.240000000000002,63.49,1.1731928048839857,26.190652932918223
2023-08-05 12:00:00,25.77,27.57,50.03,65.65,4.122533333333333,839.8016666666666,0.0,12,2023-08-05,26.67,57.84,1.4742904043547276,27.35448474701898
2023-08-05 13:00:00,26.9,28.18,46.85,56.76,4.822500000000001,854.7966666666667,0.0,13,2023-08-05,27.54,51.805,1.7735093845427974,27.729999725746275
2023-08-06 11:00:00,20.43,21.53,61.69,67.17,5.699733333333333,522.0383333333333,0.0,11,2023-08-06,20.98,64.43,0.8835416475068691,22.14859877778171
2023-08-06 12:00:00,20.57,22.79,55.93,66.69,5.583116666666667,594.885,0.0,12,2023-08-06,21.68,61.31,1.0031542353818907,22.839123858696258
2023-08-06 13:00:00,22.06,23.91,53.39,63.23,5.638316666666666,762.825,22.2,13,2023-08-06,22.985,58.31,1.1701923300733255,24.32005862139368
2023-08-07 11:00:00,19.3,20.72,69.78,80.9,1.3338666666666665,309.47166666666664,0.0,11,2023-08-07,20.009999999999998,75.34,0.5769772022297659,21.005233890100175
2023-08-07 12:00:00,20.48,22.87,55.89,72.45,1.8469000000000002,456.47333333333336,0.0,12,2023-08-07,21.675,64.17,0.9287163792346333,22.45826791677645
2023-08-07 13:00:00,21.21,22.63,55.56,69.62,1.7065833333333333,285.1666666666667,0.0,13,2023-08-07,21.92,62.59,0.9842819659666023,21.991274482681764
2023-08-08 11:00:00,18.5,21.3,71.24,83.9,1.3054999999999999,732.7800000000001,0.0,11,2023-08-08,19.9,77.57,0.5212386048250935,22.471934023003616
2023-08-08 12:00:00,21.02,22.72,66.78,78.78,1.7803499999999999,714.1133333333333,0.0,12,2023-08-08,21.869999999999997,72.78,0.7139952477075552,23.84100355749071
2023-08-08 13:00:00,21.91,25.74,63.56,75.19,1.3249,691.5116666666667,0.0,13,2023-08-08,23.825,69.375,0.9042699020636382,25.18684947534106
2023-08-09 11:00:00,21.54,23.61,60.01,77.77,1.3805833333333333,710.4216666666667,0.0,11,2023-08-09,22.575,68.89,0.8517992870428813,24.241616867121156
2023-08-09 12:00:00,22.66,24.97,57.84,71.2,1.4917627118644068,878.0542372881356,0.0,12,2023-08-09,23.814999999999998,64.52000000000001,1.0469948790026933,25.62409725595457
2023-08-09 13:00:00,23.87,26.09,55.57,68.04,1.2133,818.7633333333334,0.0,13,2023-08-09,24.98,61.80500000000001,1.2084920470345362,26.19595819846659
2023-08-10 11:00:00,26.5,29.32,41.75,55.86,4.792133333333334,690.67,0.0,11,2023-08-10,27.91,48.805,1.925017715602897,27.257769312375803
2023-08-10 12:00:00,27.89,30.06,42.35,49.92,4.216733333333333,525.3133333333333,0.0,12,2023-08-10,28.975,46.135000000000005,2.1545429565448884,27.27275937967658
2023-08-10 13:00:00,29.64,30.62,34.1,45.97,4.178583333333333,882.5966666666667,0.0,13,2023-08-10,30.130000000000003,40.035,2.5633875762443425,28.935276347779038
2023-08-11 11:00:00,23.94,26.38,55.47,68.63,1.5740833333333335,728.15,0.0,11,2023-08-11,25.16,62.05,1.213676601181428,26.027893928286932
2023-08-11 12:00:00,25.91,29.29,47.75,62.23,1.2280833333333334,827.6366666666667,0.0,12,2023-08-11,27.6,54.989999999999995,1.6621211603275665,27.848652650858362
2023-08-11 13:00:00,28.34,30.32,41.7,56.74,1.56875,861.895,0.0,13,2023-08-11,29.33,49.22,2.0731973407114133,28.87759635596845
2023-08-12 11:00:00,24.57,26.38,40.03,50.38,2.7780666666666667,694.6933333333333,0.0,11,2023-08-12,25.475,45.205,1.7855052943784646,25.355693989817897
2023-08-12 12:00:00,25.77,27.66,39.92,52.4,3.090533333333333,760.925,0.0,12,2023-08-12,26.715,46.16,1.8877162281547257,26.51809896917565
2023-08-12 13:00:00,26.04,27.89,40.9,51.31,3.3247166666666668,650.4633333333334,0.0,13,2023-08-12,26.965,46.105000000000004,1.9175980126355365,26.305654548345142
2023-08-13 11:00:00,20.72,22.38,65.31,72.72,3.3649333333333336,302.875,0.0,11,2023-08-13,21.549999999999997,69.015,0.7970196300611908,22.00288403641127
2023-08-13 12:00:00,21.4,23.02,56.03,68.8,4.974533333333333,536.6616666666666,0.0,12,2023-08-13,22.21,62.415,1.0065123359502308,23.0915729462055
2023-08-13 13:00:00,21.25,23.48,52.81,65.12,5.434616666666667,822.7516666666667,0.0,13,2023-08-13,22.365000000000002,58.965,1.109309922997039,24.07868144498763
2023-08-14 11:00:00,20.44,22.3,45.85,56.62,4.7887,733.6516666666666,0.0,11,2023-08-14,21.37,51.235,1.2406265430224734,22.71077234595075
2023-08-14 12:00:00,21.45,23.2,41.96,50.96,4.7542,831.52,0.0,12,2023-08-14,22.325,46.46,1.4438457582765232,23.589493650499044
2023-08-14 13:00:00,22.53,23.95,39.93,49.03,4.952733333333333,875.8416666666667,0.0,13,2023-08-14,23.240000000000002,44.480000000000004,1.5825861118461146,24.339495971156474
2023-08-15 11:00:00,23.95,26.54,34.45,47.51,2.9992666666666663,735.1916666666667,0.0,11,2023-08-15,25.244999999999997,40.980000000000004,1.8970809747601078,25.135553419931178
2023-08-15 12:00:00,26.16,28.41,29.54,41.48,2.8947333333333334,833.705,0.0,12,2023-08-15,27.285,35.51,2.3380134457875523,26.615798003608052
2023-08-15 13:00:00,27.99,29.82,25.68,34.88,2.4959333333333333,879.65,0.0,13,2023-08-15,28.905,30.28,2.7774627825031586,27.54880396537042
2023-08-16 11:00:00,28.19,31.22,40.76,50.87,2.6761333333333335,727.7683333333333,0.0,11,2023-08-16,29.705,45.815,2.260487725630541,28.46283196450238
2023-08-16 12:00:00,31.13,34.32,29.26,44.54,2.9851,825.9150000000001,0.0,12,2023-08-16,32.725,36.9,3.1253899053840195,30.179637137193176
2023-08-16 13:00:00,33.66,35.74,29.32,36.59,3.3094333333333332,866.9833333333333,0.0,13,2023-08-16,34.7,32.955,3.707667590266008,31.197323660780963
2023-08-17 11:00:00,21.6,23.91,44.6,58.53,1.3821166666666664,635.7983333333334,0.0,11,2023-08-17,22.755000000000003,51.565,1.3407166077829613,23.42810508538138
2023-08-17 12:00:00,23.24,24.97,42.02,51.12,1.2982,762.4733333333334,0.0,12,2023-08-17,24.104999999999997,46.57,1.6043826115311253,24.663651879946535
2023-08-17 13:00:00,23.97,25.82,38.74,48.14,1.3895000000000002,823.4833333333333,0.0,13,2023-08-17,24.895,43.44,1.7805196834509363,25.30908812566281
2023-08-18 11:00:00,25.14,27.91,52.26,57.85,7.0323,686.9016666666666,0.0,11,2023-08-18,26.525,55.055,1.5583252498103932,26.571334221108263
2023-08-18 12:00:00,27.24,30.83,47.39,54.6,6.408283333333333,783.8283333333333,0.0,12,2023-08-18,29.034999999999997,50.995000000000005,1.9669561840095562,28.501762699852808
2023-08-18 13:00:00,30.35,33.34,42.51,51.44,5.574983333333334,827.35,0.0,13,2023-08-18,31.845000000000002,46.974999999999994,2.4992203917621065,30.327005431944947
2023-08-19 11:00:00,29.5,32.4,36.9,49.25,3.2916666666666665,702.4300000000001,0.0,11,2023-08-19,30.95,43.075,2.5501373484525307,29.03730584474383
2023-08-19 12:00:00,31.87,33.89,34.56,44.7,2.8736666666666664,799.0166666666667,0.0,12,2023-08-19,32.88,39.63,3.0163198311851884,30.378494578114815
2023-08-19 13:00:00,33.56,35.21,32.53,42.23,3.1336,839.2333333333333,0.0,13,2023-08-19,34.385000000000005,37.379999999999995,3.4029910207182774,31.267929686625173
2023-08-20 11:00:00,24.85,27.8,68.62,77.42,1.9677666666666667,652.9633333333334,0.0,11,2023-08-20,26.325000000000003,73.02000000000001,0.9244866621494168,27.197616006550014
2023-08-20 12:00:00,26.79,29.67,63.74,75.91,2.272366666666666,557.2900000000001,0.0,12,2023-08-20,28.23,69.825,1.1559580789194237,28.184475785566836
2023-08-20 13:00:00,28.92,31.18,56.87,67.25,3.1768833333333335,764.2566666666667,0.0,13,2023-08-20,30.05,62.06,1.6144414239174636,29.827458268653015
2023-08-21 11:00:00,32.18,34.56,28.78,35.79,5.87665,707.615,0.0,11,2023-08-21,33.370000000000005,32.285,3.4774957787924086,29.816183620751012
2023-08-21 12:00:00,34.13,36.49,23.89,30.98,6.271483333333333,807.26,0.0,12,2023-08-21,35.31,27.435000000000002,4.150528149430007,30.876844183326494
2023-08-21 13:00:00,35.64,37.09,22.97,27.5,6.672483333333333,848.9333333333333,0.0,13,2023-08-21,36.365,25.235,4.5315157392200565,31.38811884479759
2023-08-22 11:00:00,33.77,36.3,23.61,29.33,6.252533333333333,696.7616666666667,0.0,11,2023-08-22,35.035,26.47,4.14236203159773,30.262690887516623
2023-08-22 12:00:00,35.93,38.11,20.33,25.68,6.518866666666667,789.9583333333334,0.0,12,2023-08-22,37.019999999999996,23.005,4.836559293633597,31.309243190897952
2023-08-22 13:00:00,37.5,38.87,16.89,21.82,7.573316666666667,836.7833333333333,0.0,13,2023-08-22,38.185,19.355,5.396211475260748,31.675185027538586
2023-08-23 11:00:00,31.91,34.0,32.51,40.61,3.897383333333333,466.2633333333333,0.0,11,2023-08-23,32.955,36.56,3.1830797871785714,29.037305975257738
2023-08-23 12:00:00,32.14,36.4,26.39,37.16,4.282216666666667,677.4,0.0,12,2023-08-23,34.269999999999996,31.775,3.683979180775087,30.194030187876127
2023-08-23 13:00:00,35.74,37.13,25.84,29.12,4.838583333333333,845.5666666666667,0.0,13,2023-08-23,36.435,27.48,4.412310509802818,31.610083094119247
2023-08-24 11:00:00,29.71,33.62,29.73,47.17,1.7824166666666668,684.2316666666667,0.0,11,2023-08-24,31.665,38.45,2.8716163059245505,29.129517189742735
2023-08-24 12:00:00,32.52,35.39,24.52,42.26,3.3916666666666666,771.9416666666667,0.0,12,2023-08-24,33.955,33.39,3.5342913078965443,30.467923436883346
2023-08-24 13:00:00,34.68,37.41,21.68,26.45,3.866233333333333,815.8166666666667,0.0,13,2023-08-24,36.045,24.064999999999998,4.522446976987123,31.00696021670201
2023-08-25 11:00:00,27.66,29.69,43.8,56.69,5.508833333333333,616.255,0.0,11,2023-08-25,28.675,50.245,1.9558972595467927,27.618091473657152
2023-08-25 12:00:00,28.86,30.62,38.97,46.98,5.9014,732.6583333333333,0.0,12,2023-08-25,29.740000000000002,42.974999999999994,2.383757310773615,28.33165606604493
2023-08-25 13:00:00,29.39,31.19,34.07,43.12,6.965016666666667,737.5666666666667,0.0,13,2023-08-25,30.29,38.595,2.649107262233866,28.44257780309423
2023-08-26 11:00:00,20.48,22.58,52.41,61.53,2.5456166666666666,682.9783333333332,0.0,11,2023-08-26,21.53,56.97,1.1054969820731253,22.868553542660635
2023-08-26 12:00:00,21.92,24.19,45.92,57.01,2.665233333333333,768.7466666666667,0.0,12,2023-08-26,23.055,51.465,1.3681032025591304,24.114713689622597
2023-08-26 13:00:00,22.86,24.52,43.85,51.5,2.86785,822.7333333333333,0.0,13,2023-08-26,23.689999999999998,47.675,1.532518030608314,24.617715522284612
2023-08-27 11:00:00,23.53,26.5,42.67,53.16,3.1754166666666666,687.5433333333333,0.0,11,2023-08-27,25.015,47.915,1.6514117840176101,25.124904579841136
2023-08-27 12:00:00,25.96,28.04,35.15,44.76,2.459366666666667,784.8766666666667,0.0,12,2023-08-27,27.0,39.955,2.1408085085656223,26.482895995913182
2023-08-27 13:00:00,26.94,29.25,31.4,38.67,2.3954166666666667,827.7666666666667,0.0,13,2023-08-27,28.095,35.035,2.469247718851732,27.109424140998325
2023-08-28 11:00:00,21.62,22.43,66.5,72.42,2.0176166666666666,155.17666666666668,0.0,11,2023-08-28,22.025,69.46000000000001,0.8086877992904715,21.882271024362147
2023-08-28 12:00:00,21.62,23.26,61.75,70.83,2.833183333333333,405.6566666666667,0.0,12,2023-08-28,22.44,66.28999999999999,0.9154536993131075,22.96519046932933
2023-08-28 13:00:00,22.49,24.24,59.0,69.52,2.88465,558.63,0.0,13,2023-08-28,23.365,64.25999999999999,1.026474855902785,24.14436645894096
2023-08-29 11:00:00,23.92,27.81,34.62,54.72,2.2897666666666665,608.035,0.0,11,2023-08-29,25.865000000000002,44.67,1.8450936338822332,25.305286730870765
2023-08-29 12:00:00,27.29,28.74,29.34,38.88,3.8322833333333333,708.1533333333333,0.0,12,2023-08-29,28.015,34.11,2.4927721987734137,26.58706697844522
2023-08-29 13:00:00,28.22,29.91,27.04,34.37,3.7809833333333334,756.1316666666667,0.0,13,2023-08-29,29.064999999999998,30.705,2.7861778568300233,27.2430529409298
2023-08-30 11:00:00,26.32,28.71,34.89,43.07,5.335083333333333,672.8383333333334,0.0,11,2023-08-30,27.515,38.980000000000004,2.242173797338676,26.39183216052559
2023-08-30 12:00:00,28.33,30.53,29.4,36.37,5.4086333333333325,770.5383333333334,0.0,12,2023-08-30,29.43,32.885,2.7559425050818565,27.654867534297974
2023-08-30 13:00:00,29.63,31.69,24.4,32.11,5.235316666666667,813.4,0.0,13,2023-08-30,30.66,28.255,3.161342429761232,28.287153476846214
2023-08-31 11:00:00,24.76,27.34,41.28,48.08,5.39025,630.9566666666667,0.0,11,2023-08-31,26.05,44.68,1.86505183952294,25.51752316602507
2023-08-31 12:00:00,27.01,29.74,34.04,41.75,4.575866666666667,767.9833333333333,0.0,12,2023-08-31,28.375,37.894999999999996,2.399272972228621,27.24524585693517
2023-08-31 13:00:00,28.88,31.89,32.07,38.6,4.392533333333334,805.5983333333334,0.0,13,2023-08-31,30.384999999999998,35.335,2.804953007981674,28.537362305093236
2023-09-01 11:00:00,26.77,29.17,37.59,44.22,4.490399999999999,671.9833333333333,0.0,11,2023-09-01,27.97,40.905,2.229850956791806,26.80255777931855
2023-09-01 12:00:00,28.74,31.88,34.03,39.98,4.135666666666666,763.1316666666667,0.0,12,2023-09-01,30.31,37.004999999999995,2.720814757487541,28.4454794349764
2023-09-01 13:00:00,31.31,34.56,28.58,36.63,4.5925666666666665,804.1933333333333,0.0,13,2023-09-01,32.935,32.605000000000004,3.377727612589892,29.92042162841133
2023-09-02 11:00:00,30.5,33.63,20.81,26.97,3.5544333333333333,698.8183333333333,0.0,11,2023-09-02,32.065,23.89,3.632173147642373,28.425763102585226
2023-09-02 12:00:00,32.91,36.58,15.61,23.58,3.9328333333333334,764.035,0.0,12,2023-09-02,34.745,19.595,4.457586973419469,29.788771388541768
2023-09-02 13:00:00,36.16,38.25,12.83,17.77,5.7771833333333324,831.1516666666666,0.0,13,2023-09-02,37.205,15.3,5.374400038604393,30.834500777356965
2023-09-03 11:00:00,29.46,32.67,35.21,44.41,1.1273166666666665,658.5849999999999,0.0,11,2023-09-03,31.065,39.81,2.7141139092597673,28.74613233157334
2023-09-03 12:00:00,32.24,36.13,24.59,36.18,1.0638166666666666,753.255,0.0,12,2023-09-03,34.185,30.384999999999998,3.7413169843494685,30.302432872693277
2023-09-03 13:00:00,35.32,37.44,20.4,26.55,1.3477833333333333,794.91,0.0,13,2023-09-03,36.379999999999995,23.475,4.641997981177207,31.05188792729305
2023-09-04 11:00:00,27.47,30.24,27.48,34.01,2.78525,677.09,0.0,11,2023-09-04,28.854999999999997,30.744999999999997,2.750970872269707,26.834757235208922
2023-09-04 12:00:00,29.28,32.11,24.4,30.95,3.39705,756.5416666666666,0.0,12,2023-09-04,30.695,27.674999999999997,3.1932711347926013,28.072302687884065
2023-09-04 13:00:00,31.64,34.27,22.91,27.37,4.567733333333334,789.3966666666668,0.0,13,2023-09-04,32.955,25.14,3.756074288590603,29.337430614876958
2023-09-05 11:00:00,19.97,21.81,50.84,59.67,6.311233333333333,602.8283333333333,0.0,11,2023-09-05,20.89,55.255,1.1053138123441695,22.031494138767624
2023-09-05 12:00:00,20.63,22.19,49.32,54.32,6.566933333333334,487.2966666666667,0.0,12,2023-09-05,21.41,51.82,1.2287498355779374,21.900551071745326
2023-09-05 13:00:00,20.01,22.05,49.69,56.05,6.628433333333334,391.48333333333335,0.0,13,2023-09-05,21.03,52.87,1.1742872988616588,21.31357508331726
2023-09-06 11:00:00,16.26,20.58,40.12,63.27,1.1675166666666668,610.5066666666667,0.0,11,2023-09-06,18.42,51.695,1.0236454918813216,20.02788737010542
2023-09-06 12:00:00,20.34,23.48,30.36,43.02,1.8294833333333334,710.1383333333334,0.0,12,2023-09-06,21.91,36.69,1.664712537357331,22.483350987498536
2023-09-06 13:00:00,23.15,24.8,26.24,35.36,2.0155166666666666,745.2533333333333,0.0,13,2023-09-06,23.975,30.799999999999997,2.061774474015305,23.82706367934448
2023-09-07 11:00:00,22.47,26.46,33.34,38.42,3.6144833333333333,613.94,0.0,11,2023-09-07,24.465,35.88,1.9673429376362905,23.930692740427382
2023-09-07 12:00:00,25.99,28.66,33.06,37.25,5.2010499999999995,687.3283333333333,0.0,12,2023-09-07,27.325,35.155,2.3563941100973094,26.11162770702557
2023-09-07 13:00:00,27.85,29.83,32.45,37.12,5.124016666666667,758.7816666666666,0.0,13,2023-09-07,28.84,34.785,2.588245464306356,27.34357991008912
2023-09-08 11:00:00,21.73,24.9,46.83,53.76,1.9126333333333332,634.6433333333333,0.0,11,2023-09-08,23.314999999999998,50.295,1.4232587836921786,23.791576430313008
2023-09-08 12:00:00,24.55,26.76,39.69,48.49,2.1562833333333336,730.2916666666666,0.0,12,2023-09-08,25.655,44.09,1.8413913928437253,25.55585331370994
2023-09-08 13:00:00,25.92,28.37,36.24,42.02,2.2158666666666664,772.8050000000001,0.0,13,2023-09-08,27.145000000000003,39.13,2.188752647071823,26.49727616174586
2023-09-09 11:00:00,24.99,28.29,48.61,54.91,6.510683333333334,623.255,0.0,11,2023-09-09,26.64,51.76,1.6839274265371955,26.26649773152107
2023-09-09 12:00:00,27.86,30.54,35.02,50.1,6.229283333333333,718.8383333333334,0.0,12,2023-09-09,29.2,42.56,2.3275883482918553,27.89493106164348
2023-09-09 13:00:00,30.06,31.98,28.49,35.35,6.21195,751.475,0.0,13,2023-09-09,31.02,31.92,3.0620410613708535,28.527602961012267
2023-09-10 11:00:00,14.29,15.2,96.0,98.6,1.9384666666666668,19.248533333333334,16.51,11,2023-09-10,14.745,97.3,0.04529385360555358,16.179843778938615
2023-09-10 12:00:00,14.68,15.34,95.9,98.8,3.4809833333333335,77.58933333333333,3.556,12,2023-09-10,15.01,97.35,0.04522077807367771,16.614692538459835
2023-09-10 13:00:00,14.63,16.33,92.5,96.8,3.59505,161.94966666666667,2.032,13,2023-09-10,15.48,94.65,0.09409396018774249,17.247987591061108
2023-09-11 11:00:00,14.91,16.35,71.56,81.5,1.7217166666666666,278.385,0.0,11,2023-09-11,15.63,76.53,0.4167702308383268,17.31813066528443
2023-09-11 12:00:00,15.64,18.15,59.35,75.32,1.6484333333333334,477.3683333333333,0.0,12,2023-09-11,16.895,67.335,0.6287597976222274,18.80773746011444
2023-09-11 13:00:00,17.49,19.68,51.34,63.81,2.1618333333333335,692.0733333333334,0.0,13,2023-09-11,18.585,57.575,0.9083794503956086,20.624056463593035
2023-09-12 11:00:00,19.03,21.14,37.48,61.53,3.5151499999999998,653.035,0.0,11,2023-09-12,20.085,49.504999999999995,1.1869420551991312,21.38850651996126
2023-09-12 12:00:00,20.77,22.3,35.13,40.85,3.8878166666666667,755.8966666666668,0.0,12,2023-09-12,21.535,37.99,1.5936053527532132,22.420360571841176
2023-09-12 13:00:00,21.59,23.29,33.54,39.7,3.5228666666666664,795.0400000000001,0.0,13,2023-09-12,22.439999999999998,36.620000000000005,1.721194169755702,23.15970845385423
2023-09-13 11:00:00,19.5,21.62,41.16,54.12,4.0157,639.9683333333334,0.0,11,2023-09-13,20.560000000000002,47.64,1.2674147751824196,21.639337742652163
2023-09-13 12:00:00,20.86,22.58,40.17,49.14,3.67705,737.435,0.0,12,2023-09-13,21.72,44.655,1.438496021487917,22.74160326884252
2023-09-13 13:00:00,21.63,23.67,39.76,46.56,3.51875,768.0483333333334,0.0,13,2023-09-13,22.65,43.16,1.5633899103981446,23.476753796589357
2023-09-14 11:00:00,17.63,20.61,71.07,83.4,3.4379166666666667,475.7116666666667,0.0,11,2023-09-14,19.119999999999997,77.235,0.5039938582609541,20.91859973885495
2023-09-14 12:00:00,20.11,22.16,59.78,73.91,4.4980166666666666,579.145,0.0,12,2023-09-14,21.134999999999998,66.845,0.8314290203733821,22.558885420458594
2023-09-14 13:00:00,21.5,23.38,55.59,61.14,4.441933333333334,547.0966666666667,0.0,13,2023-09-14,22.439999999999998,58.365,1.1306708623821184,23.14816558287926
2023-09-15 11:00:00,16.35,17.49,82.6,90.5,0.8003333333333333,241.05333333333334,0.0,11,2023-09-15,16.92,86.55,0.25930622384030516,18.538092642098228
2023-09-15 12:00:00,17.15,19.17,75.06,86.1,1.0112833333333333,367.34833333333336,0.0,12,2023-09-15,18.16,80.58,0.40487691740466336,19.847847636429908
2023-09-15 13:00:00,18.74,20.67,67.55,79.56,1.18425,547.8116666666666,0.0,13,2023-09-15,19.705,73.555,0.6071561832669262,21.53031436759629
2023-09-16 11:00:00,18.67,22.14,48.27,59.92,2.8314333333333335,630.2733333333333,0.0,11,2023-09-16,20.405,54.095,1.1005953530893475,21.712443404687114
2023-09-16 12:00:00,21.84,24.28,43.08,54.28,3.0128166666666667,723.3233333333334,0.0,12,2023-09-16,23.060000000000002,48.68,1.4470440604479238,23.84561777901718
2023-09-16 13:00:00,23.76,25.99,30.97,47.98,3.5549666666666666,762.2333333333333,0.0,13,2023-09-16,24.875,39.474999999999994,1.9030681664355604,24.899617825335106
2023-09-17 11:00:00,20.35,22.74,45.09,54.02,4.3100000000000005,630.235,0.0,11,2023-09-17,21.545,49.55500000000001,1.2971877117346078,22.419050317984823
2023-09-17 12:00:00,22.4,24.99,41.59,48.42,4.316983050847457,721.6762711864407,0.0,12,2023-09-17,23.695,45.005,1.611202792345874,24.15427290025103
2023-09-17 13:00:00,24.24,26.46,35.3,43.21,4.450266666666667,758.8683333333333,0.0,13,2023-09-17,25.35,39.254999999999995,1.9647499323685362,25.21165176473229
2023-09-18 11:00:00,21.24,26.32,30.43,46.88,2.1970666666666667,636.49,0.0,11,2023-09-18,23.78,38.655,1.8064516699801145,23.646960078528835
2023-09-18 12:00:00,25.99,29.13,24.95,34.62,1.8054,727.2116666666666,0.0,12,2023-09-18,27.56,29.784999999999997,2.586835840913285,26.121528864009072
2023-09-18 13:00:00,28.37,31.52,15.58,29.68,2.485,727.51,0.0,13,2023-09-18,29.945,22.63,3.2725172696938953,27.203284958943854
2023-09-19 11:00:00,20.82,23.02,42.65,52.43,1.7466666666666666,491.98833333333334,0.0,11,2023-09-19,21.92,47.54,1.380257469516385,22.140985835867916
2023-09-19 12:00:00,22.4,26.88,38.41,50.42,1.5045499999999998,720.3416666666667,0.0,12,2023-09-19,24.64,44.415,1.7234024650782491,24.809062258969874
2023-09-19 13:00:00,26.68,29.82,28.76,41.25,1.2160333333333333,752.8316666666667,0.0,13,2023-09-19,28.25,35.005,2.4927549258300714,26.94791619087973
2023-09-20 11:00:00,19.05,22.18,47.32,56.77,1.6768166666666666,609.5466666666667,0.0,11,2023-09-20,20.615000000000002,52.045,1.1647290754784665,21.729606173889557
2023-09-20 12:00:00,21.75,26.78,36.31,50.25,0.78665,701.3483333333334,0.0,12,2023-09-20,24.265,43.28,1.7195858336158192,24.42186970792373
2023-09-20 13:00:00,26.21,29.03,31.44,39.96,1.09485,735.1983333333334,0.0,13,2023-09-20,27.62,35.7,2.377233664109862,26.505605353707367
2023-09-21 11:00:00,19.52,21.81,79.05,87.3,2.4322,416.13666666666666,0.0,11,2023-09-21,20.665,83.175,0.40990539588719543,22.1906655092969
2023-09-21 12:00:00,20.25,22.19,80.2,87.2,2.6258333333333335,481.23499999999996,0.0,12,2023-09-21,21.22,83.7,0.4108924143082995,22.899928499252965
2023-09-21 13:00:00,20.97,22.63,78.45,86.3,2.907566666666667,623.5566666666667,0.0,13,2023-09-21,21.799999999999997,82.375,0.46034242346487175,23.83095181930927
2023-09-22 11:00:00,14.25,15.94,88.3,95.5,1.39605,170.66,0.0,11,2023-09-22,15.094999999999999,91.9,0.13898015820411957,16.878438770604024
2023-09-22 12:00:00,15.65,18.53,76.16,89.6,0.9517833333333333,345.2366666666667,0.0,12,2023-09-22,17.09,82.88,0.333636065790391,18.942856037937265
2023-09-22 13:00:00,18.43,20.96,66.5,79.99,1.51575,499.90833333333336,0.0,13,2023-09-22,19.695,73.245,0.6138925141486371,21.344185021151144
2023-09-23 11:00:00,17.3,19.09,36.44,46.86,5.503333333333333,625.115,0.0,11,2023-09-23,18.195,41.65,1.2191834741777368,19.599736462442284
2023-09-23 12:00:00,18.57,20.48,32.44,42.02,5.04695,712.6666666666666,0.0,12,2023-09-23,19.525,37.230000000000004,1.4251327957349702,20.764640779517627
2023-09-23 13:00:00,20.01,21.34,31.19,37.1,5.065650000000001,745.98,0.0,13,2023-09-23,20.675,34.145,1.6054055587879859,21.62034193975742
2023-09-24 11:00:00,18.95,20.72,50.13,56.44,4.313666666666666,604.0016666666667,0.0,11,2023-09-24,19.835,53.285,1.0812207912747585,21.152685685984935
2023-09-24 12:00:00,20.44,23.21,43.32,53.37,3.766966666666667,694.0966666666667,0.0,12,2023-09-24,21.825000000000003,48.345,1.3512228211031942,22.807815242733707
2023-09-24 13:00:00,22.49,24.24,35.74,47.95,4.27735,730.4416666666667,0.0,13,2023-09-24,23.365,41.845,1.6702474886688992,23.81223697476343
2023-09-25 11:00:00,18.39,21.98,50.42,67.4,1.0460666666666667,606.4683333333334,0.0,11,2023-09-25,20.185000000000002,58.910000000000004,0.9718581243111348,21.624394886415523
2023-09-25 12:00:00,21.55,24.52,42.67,56.07,1.4247166666666666,696.0,0.0,12,2023-09-25,23.035,49.370000000000005,1.4254322347282542,23.759573259644032
2023-09-25 13:00:00,24.19,26.87,28.03,46.39,1.6010333333333333,727.7483333333333,0.0,13,2023-09-25,25.53,37.21,2.0527121235629204,25.131786587500436
2023-09-26 11:00:00,18.76,21.43,56.45,68.24,1.81775,588.3,0.0,11,2023-09-26,20.095,62.345,0.8856710433733229,21.607476987108683
2023-09-26 12:00:00,20.8,22.91,48.05,60.34,2.1945333333333332,675.9766666666667,0.0,12,2023-09-26,21.855,54.195,1.2003906451552913,22.989201897858162
2023-09-26 13:00:00,22.11,23.86,43.72,50.89,2.5253,709.65,0.0,13,2023-09-26,22.985,47.305,1.4790905452917702,23.686043709326935
2023-09-27 11:00:00,18.2,20.77,53.07,61.99,3.4926000000000004,583.8833333333333,0.0,11,2023-09-27,19.485,57.53,0.9618469115096412,20.95086364497769
2023-09-27 12:00:00,20.11,22.83,48.83,56.79,3.671266666666667,671.91,0.0,12,2023-09-27,21.47,52.81,1.2079300717131776,22.629086396015893
2023-09-27 13:00:00,22.02,24.33,45.78,52.04,3.9583333333333335,701.6883333333334,0.0,13,2023-09-27,23.174999999999997,48.91,1.4506047595648468,23.864782265297638
2023-09-28 11:00:00,20.3,23.39,55.22,65.86,1.8017833333333333,582.2099999999999,0.0,11,2023-09-28,21.845,60.54,1.0334792937580521,22.894340024050823
2023-09-28 12:00:00,22.2,26.55,43.68,62.96,1.9053,665.9116666666666,0.0,12,2023-09-28,24.375,53.32,1.4245538590724913,24.82133773767822
2023-09-28 13:00:00,25.4,28.42,39.18,54.43,1.61035,697.6683333333333,0.0,13,2023-09-28,26.91,46.805,1.8865916475442999,26.467981277727436
2023-09-29 11:00:00,18.73,20.77,62.54,70.9,3.6676833333333336,565.1483333333333,0.0,11,2023-09-29,19.75,66.72,0.766218295412851,21.399502638318033
2023-09-29 12:00:00,20.48,22.91,55.35,64.33,2.5638833333333335,650.6266666666667,0.0,12,2023-09-29,21.695,59.84,1.0422231328754046,22.990619790663995
2023-09-29 13:00:00,22.25,24.33,50.82,57.85,2.50465,663.495,0.0,13,2023-09-29,23.29,54.335,1.3056058330824645,24.04140404203043
2023-09-30 11:00:00,20.66,24.38,53.12,70.84,2.9416333333333333,564.0433333333333,0.0,11,2023-09-30,22.52,61.980000000000004,1.0375274618729793,23.412136846950848
2023-09-30 12:00:00,23.91,26.54,47.7,55.08,2.79665,651.8016666666666,0.0,12,2023-09-30,25.225,51.39,1.5606152001624494,25.314163793097784
2023-09-30 13:00:00,25.87,28.18,41.98,51.01,3.38085,684.5550000000001,0.0,13,2023-09-30,27.025,46.495,1.9104349418515147,26.487561834315304
2023-10-01 11:00:00,24.57,27.65,39.56,48.08,7.7221166666666665,432.805,0.0,11,2023-10-01,26.11,43.82,1.900771455648075,24.82439888931029
2023-10-01 12:00:00,25.54,28.29,38.28,44.96,8.15185,542.13,0.0,12,2023-10-01,26.915,41.620000000000005,2.071088530099485,25.660426631355747
2023-10-01 13:00:00,25.96,29.27,35.49,44.45,7.626316666666667,692.6233333333333,0.0,13,2023-10-01,27.615000000000002,39.97,2.2187197077468395,26.58208809043375
2023-10-02 11:00:00,23.31,25.66,44.94,50.87,5.996466666666667,551.5,0.0,11,2023-10-02,24.485,47.905,1.6003023921966455,24.261761531314864
2023-10-02 12:00:00,25.33,28.29,39.38,46.19,5.793683333333333,635.7516666666667,0.0,12,2023-10-02,26.81,42.785,2.017281048553085,25.97477331293136
2023-10-02 13:00:00,27.57,29.88,36.57,40.77,6.01895,666.3383333333334,0.0,13,2023-10-02,28.725,38.67,2.417909179615933,27.16696585622357
2023-10-03 11:00:00,19.87,22.38,56.45,66.7,1.9761,557.5616666666666,0.0,11,2023-10-03,21.125,61.575,0.9629938828340454,22.28387470322397
2023-10-03 12:00:00,21.44,23.48,52.21,60.9,1.9565333333333332,376.75333333333333,0.0,12,2023-10-03,22.46,56.555,1.1812586970414174,22.496011555956613
2023-10-03 13:00:00,21.59,23.48,53.15,60.22,2.9927166666666665,398.3233333333334,0.0,13,2023-10-03,22.535,56.685,1.1830994715950125,22.6340874328539
2023-10-04 11:00:00,12.73,15.41,58.17,72.4,2.499016666666667,561.625,0.0,11,2023-10-04,14.07,65.285,0.5574816399737179,16.748239122038107
2023-10-04 12:00:00,14.98,17.15,49.5,63.27,2.4134499999999997,640.0400000000001,0.0,12,2023-10-04,16.064999999999998,56.385000000000005,0.7963442736149742,18.411990803258288
2023-10-04 13:00:00,16.68,18.46,44.99,53.19,2.1165166666666666,674.4433333333333,0.0,13,2023-10-04,17.57,49.09,1.022701118941989,19.513535044200786
2023-10-05 11:00:00,15.8,18.39,37.79,51.95,4.803383333333333,539.1216666666667,0.0,11,2023-10-05,17.095,44.870000000000005,1.0747185227604579,18.55123397533067
2023-10-05 12:00:00,17.15,18.62,35.53,40.4,4.687316666666666,392.5866666666667,0.0,12,2023-10-05,17.884999999999998,37.965,1.2711666676208586,18.44081166528309
2023-10-05 13:00:00,17.53,19.28,31.53,39.11,4.13135,428.35,0.0,13,2023-10-05,18.405,35.32,1.369364987751334,18.875995767760568
2023-10-06 11:00:00,8.37,10.02,18.35,25.87,7.9906500000000005,553.965,0.0,11,2023-10-06,9.195,22.11,0.9060727158590405,11.97472206200439
2023-10-06 12:00:00,9.26,11.38,13.75,19.23,7.254933333333333,661.6816666666667,0.0,12,2023-10-06,10.32,16.490000000000002,1.0476695138426877,13.125165038261436
2023-10-06 13:00:00,10.34,12.0,13.95,18.49,6.2162500000000005,690.5633333333334,0.0,13,2023-10-06,11.17,16.22,1.112281642051165,13.872063285692478
2023-10-07 11:00:00,12.67,15.99,24.55,27.45,2.9402166666666667,557.61,0.0,11,2023-10-07,14.33,26.0,1.208540164724444,16.016351761149558
2023-10-07 12:00:00,15.09,18.24,24.67,29.5,2.8123833333333335,643.0383333333334,0.0,12,2023-10-07,16.665,27.085,1.3831775473585866,18.093576722996715
2023-10-07 13:00:00,17.58,19.73,26.96,30.72,2.8816833333333336,670.4933333333333,0.0,13,2023-10-07,18.655,28.84,1.5303248252878427,19.707605669999296
2023-10-08 11:00:00,15.58,20.59,29.9,48.37,1.3084333333333333,554.4333333333333,0.0,11,2023-10-08,18.085,39.135,1.2629767718764324,19.19315034744584
2023-10-08 12:00:00,20.16,22.96,24.82,32.78,1.3516333333333332,641.0699999999999,0.0,12,2023-10-08,21.560000000000002,28.8,1.8325807967487477,21.69370284471432
2023-10-08 13:00:00,21.92,24.05,24.01,28.47,1.8869666666666667,667.9766666666667,0.0,13,2023-10-08,22.985,26.240000000000002,2.0703618677430677,22.682843625105885
2023-10-09 11:00:00,12.93,17.16,41.75,57.47,0.8180166666666667,545.9516666666666,0.0,11,2023-10-09,15.045,49.61,0.8618167047576749,17.100346611434706
2023-10-09 12:00:00,16.87,19.06,34.98,42.56,1.84215,630.8233333333334,0.0,12,2023-10-09,17.965,38.769999999999996,1.2610020922184775,19.358978632949878
2023-10-09 13:00:00,18.31,20.29,32.54,37.27,2.0383833333333334,659.295,0.0,13,2023-10-09,19.299999999999997,34.905,1.4573846962574268,20.33532469042673
2023-10-10 11:00:00,17.83,21.25,36.7,44.13,6.1175999999999995,525.3116666666667,0.0,11,2023-10-10,19.54,40.415000000000006,1.3540817339427529,20.224972319116347
2023-10-10 12:00:00,20.82,23.09,33.78,38.05,5.1513,623.635,0.0,12,2023-10-10,21.955,35.915,1.6897215314462635,22.183476279402917
2023-10-10 13:00:00,22.2,23.86,32.8,35.71,4.798150000000001,634.4599999999999,0.0,13,2023-10-10,23.03,34.254999999999995,1.8504189659754091,22.92360249933566
2023-10-11 11:00:00,12.1,19.16,49.14,69.38,2.6920833333333336,526.1333333333333,0.0,11,2023-10-11,15.629999999999999,59.26,0.7234435110504233,17.740573575643552
2023-10-11 12:00:00,18.77,21.62,41.91,50.08,2.54475,637.4833333333333,0.0,12,2023-10-11,20.195,45.995,1.2781126776451646,21.29757828408118
2023-10-11 13:00:00,21.38,24.1,33.64,42.75,3.05095,699.0016666666667,0.0,13,2023-10-11,22.740000000000002,38.195,1.709253630960569,23.101888068440513
2023-10-12 11:00:00,15.94,17.13,83.6,96.9,1.8296333333333334,131.74383333333333,0.254,11,2023-10-12,16.535,90.25,0.18343259494243702,17.930576154000136
2023-10-12 12:00:00,16.13,17.55,78.98,94.1,2.3063833333333337,203.19766666666666,0.0,12,2023-10-12,16.84,86.53999999999999,0.2581855120229881,18.337622840900003
2023-10-12 13:00:00,15.73,17.3,83.1,93.8,2.7253833333333333,96.55523333333333,0.0,13,2023-10-12,16.515,88.44999999999999,0.2170208070556042,17.741313146436042
2023-10-13 11:00:00,5.454,7.584,68.18,83.4,9.34555,301.34166666666664,0.0,11,2023-10-13,6.519,75.79,0.23465443805472927,9.735976898153975
2023-10-13 12:00:00,6.766,7.523,65.63,70.82,8.139966666666668,110.19933333333333,0.0,12,2023-10-13,7.1445,68.225,0.3215130117014732,9.48521879969953
2023-10-13 13:00:00,6.953,7.661,66.0,69.69,7.42975,100.8505,0.0,13,2023-10-13,7.307,67.845,0.3290019986874572,9.583013851903187
2023-10-14 11:00:00,6.064,6.679,74.28,79.73,4.1360166666666665,69.49166666666666,0.0,11,2023-10-14,6.3715,77.005,0.22062194091359907,8.816524019008614
2023-10-14 12:00:00,6.395,8.33,71.12,79.02,4.49655,268.95166666666665,0.0,12,2023-10-14,7.3625,75.07,0.2560488679052069,10.325434974870783
2023-10-14 13:00:00,7.803,10.21,61.62,73.01,4.4440333333333335,346.295,0.0,13,2023-10-14,9.0065,67.315,0.375408372748065,11.853345359515306
2023-10-15 11:00:00,6.807,9.3,56.04,76.16,1.6822000000000001,381.625,0.0,11,2023-10-15,8.0535,66.1,0.36499587726435123,11.16298847796669
2023-10-15 12:00:00,7.93,9.4,56.61,64.57,2.39175,261.19666666666666,0.0,12,2023-10-15,8.665,60.589999999999996,0.44231253195401826,11.161385162000006
2023-10-15 13:00:00,8.45,9.54,56.64,62.47,2.3232500000000003,239.62333333333333,0.0,13,2023-10-15,8.995,59.555,0.46417624216602493,11.341276115525929
2023-10-16 11:00:00,9.42,13.74,54.46,71.18,1.4239333333333335,516.7966666666666,0.0,11,2023-10-16,11.58,62.82000000000001,0.5072057080071926,14.497940056722904
2023-10-16 12:00:00,13.45,16.83,44.66,56.26,1.3972833333333334,592.2783333333333,0.0,12,2023-10-16,15.139999999999999,50.459999999999994,0.852473371355555,17.358687778201112
2023-10-16 13:00:00,15.73,18.89,37.82,47.61,1.2386333333333333,618.1716666666667,0.0,13,2023-10-16,17.310000000000002,42.715,1.1320236502422067,18.931866540482133
2023-10-17 11:00:00,15.24,22.38,28.41,57.74,1.0856166666666667,510.56,0.0,11,2023-10-17,18.81,43.075,1.2361156728782234,19.70929227432658
2023-10-17 12:00:00,22.15,25.56,24.41,30.41,4.02705,593.4066666666666,0.0,12,2023-10-17,23.854999999999997,27.41,2.147245749190893,23.067266997006534
2023-10-17 13:00:00,24.9,27.41,20.96,25.66,4.923133333333333,619.8783333333333,0.0,13,2023-10-17,26.155,23.310000000000002,2.601602953706182,24.502099883792706
2023-10-18 11:00:00,14.35,17.45,31.81,41.06,6.4534666666666665,510.01666666666665,0.0,11,2023-10-18,15.899999999999999,36.435,1.1484321152696688,17.302831766192313
2023-10-18 12:00:00,17.16,19.05,28.79,33.5,6.064266666666667,589.2900000000001,0.0,12,2023-10-18,18.105,31.145,1.4305694677298604,19.089539271791704
2023-10-18 13:00:00,18.2,20.18,28.76,31.2,6.869233333333333,610.6566666666666,0.0,13,2023-10-18,19.189999999999998,29.98,1.5569476191295812,19.92502428559544
2023-10-19 11:00:00,16.61,21.37,30.59,38.68,4.24765,498.90999999999997,0.0,11,2023-10-19,18.990000000000002,34.635,1.4354303124386396,19.536111046963974
2023-10-19 12:00:00,21.08,25.24,23.2,31.97,4.452816666666666,581.2416666666667,0.0,12,2023-10-19,23.159999999999997,27.585,2.054225981937295,22.554918159524252
2023-10-19 13:00:00,24.71,25.94,21.84,24.41,5.94745,608.27,0.0,13,2023-10-19,25.325000000000003,23.125,2.4827718558435463,23.91167580902686
2023-10-20 11:00:00,16.15,21.37,32.58,44.68,2.889233333333333,502.69,0.0,11,2023-10-20,18.759999999999998,38.629999999999995,1.328480575148925,19.504318166034057
2023-10-20 12:00:00,21.08,26.32,23.77,33.39,2.719133333333333,584.7916666666666,0.0,12,2023-10-20,23.7,28.58,2.0930397870011648,22.980863142181647
2023-10-20 13:00:00,25.42,28.76,18.12,24.95,3.05355,610.1716666666667,0.0,13,2023-10-20,27.090000000000003,21.535,2.8123493598661256,24.975994261527457
2023-10-21 11:00:00,15.77,18.62,32.82,41.8,2.5851333333333333,490.49,0.0,11,2023-10-21,17.195,37.31,1.2298554958196064,18.243074531061573
2023-10-21 12:00:00,18.15,20.35,29.73,34.07,2.099483333333333,571.9449999999999,0.0,12,2023-10-21,19.25,31.9,1.5199240085980679,19.895417687532802
2023-10-21 13:00:00,19.4,21.19,28.18,31.59,2.7643166666666668,601.525,0.0,13,2023-10-21,20.295,29.884999999999998,1.6696652326857038,20.690972912605734
2023-10-22 11:00:00,8.44,13.67,45.2,68.86,2.9981666666666666,127.77983333333333,0.0,11,2023-10-22,11.055,57.03,0.5661388007635554,12.594178155559511
2023-10-22 12:00:00,11.72,14.33,40.9,59.15,1.8955166666666665,253.55383333333333,0.0,12,2023-10-22,13.025,50.025,0.7497359585478806,14.48207127677224
2023-10-22 13:00:00,13.47,17.7,38.11,52.36,2.4869333333333334,321.76,0.0,13,2023-10-22,15.585,45.235,0.9696935845866947,16.629054302349296
2023-10-23 11:00:00,11.63,16.79,52.29,67.92,1.6284833333333333,468.39000000000004,0.0,11,2023-10-23,14.21,60.105000000000004,0.6465068285935568,16.414630098539345
2023-10-23 12:00:00,16.41,21.17,40.64,52.45,2.1086833333333335,551.3449999999999,0.0,12,2023-10-23,18.79,46.545,1.1593155891173421,19.945999895779856
2023-10-23 13:00:00,20.44,22.7,39.03,42.65,1.9843833333333334,574.3733333333333,0.0,13,2023-10-23,21.57,40.84,1.5236208349249014,21.91695645602556
2023-10-24 11:00:00,9.6,10.35,84.1,87.0,3.139733333333333,115.54749999999999,0.0,11,2023-10-24,9.975,85.55,0.17714355845949958,12.175808090233726
2023-10-24 12:00:00,10.11,11.3,80.7,85.7,3.2736,148.75666666666666,0.0,12,2023-10-24,10.705,83.2,0.2162485337619886,12.87043795937845
2023-10-24 13:00:00,10.87,11.86,77.6,82.4,3.75255,153.93166666666667,0.0,13,2023-10-24,11.364999999999998,80.0,0.2689810071076155,13.38628837302729
2023-10-25 11:00:00,7.992,8.85,98.2,99.1,0.9372,68.66633333333333,0.0,11,2023-10-25,8.421,98.65,0.014902914724253454,10.894992940316499
2023-10-25 12:00:00,8.32,9.51,95.9,98.6,0.9519833333333333,97.90100000000001,0.0,12,2023-10-25,8.915,97.25,0.03139082884795767,11.40318679817046
2023-10-25 13:00:00,9.08,10.16,95.4,97.1,0.8722666666666666,129.205,0.0,13,2023-10-25,9.620000000000001,96.25,0.044889064086092875,12.106528357075165
2023-10-26 11:00:00,2.015,2.822,95.9,98.1,4.025566666666666,91.88533333333334,0.0,11,2023-10-26,2.4185,97.0,0.021811716270439863,5.744066678074529
2023-10-26 12:00:00,2.299,3.245,96.3,97.7,4.5752999999999995,132.64333333333335,0.0,12,2023-10-26,2.7720000000000002,97.0,0.022367753670845793,6.193458423843941
2023-10-26 13:00:00,2.629,3.577,95.3,97.1,4.05655,125.18666666666667,0.0,13,2023-10-26,3.1029999999999998,96.19999999999999,0.02900629441849194,6.4457042064265195
2023-10-27 11:00:00,-4.636,-2.502,65.32,72.78,3.978283333333333,460.14666666666665,0.0,11,2023-10-27,-3.569,69.05,0.14522217829243664,1.6449111748093004
2023-10-27 12:00:00,-3.076,-1.148,62.15,71.42,3.4383166666666667,543.7533333333333,0.0,12,2023-10-27,-2.112,66.785,0.17373228196265839,3.163784857820812
2023-10-27 13:00:00,-1.579,0.84,57.23,69.74,2.061183333333333,566.8233333333334,0.0,13,2023-10-27,-0.3695,63.485,0.21710681241709234,4.697611788661883
2023-10-28 11:00:00,-4.856,-4.29,73.34,76.22,4.006783333333334,35.165499999999994,0.0,11,2023-10-28,-4.573,74.78,0.10971516148132075,-0.6645177341479154
2023-10-28 12:00:00,-4.956,-4.338,73.85,79.0,3.748066666666667,49.897000000000006,0.0,12,2023-10-28,-4.647,76.425,0.10198605151160398,-0.6661302746918252
2023-10-28 13:00:00,-4.954,-4.008,77.88,83.3,3.4089,88.19283333333333,0.0,13,2023-10-28,-4.481,80.59,0.08502940060744167,-0.36308771421412356
2023-10-29 11:00:00,-3.735,-2.232,71.07,77.63,2.6775,357.56333333333333,0.508,11,2023-10-29,-2.9835000000000003,74.35,0.12574397322129957,1.8234979054957823
2023-10-29 12:00:00,-2.613,-1.53,61.68,73.68,2.4199333333333333,353.75,0.254,12,2023-10-29,-2.0715,67.68,0.1695588877709808,2.540059612732078
2023-10-29 13:00:00,-1.768,-0.298,52.15,63.2,3.7328833333333336,555.5116666666667,0.762,13,2023-10-29,-1.033,57.675,0.23971959884388017,4.0479874150097075
2023-10-30 11:00:00,-2.684,1.934,55.1,72.38,2.1202166666666664,464.81333333333333,0.0,11,2023-10-30,-0.3750000000000001,63.739999999999995,0.2155041125512626,4.338115703467336
2023-10-30 12:00:00,1.078,4.054,40.73,61.13,2.746566666666667,548.3333333333334,0.0,12,2023-10-30,2.5660000000000003,50.93,0.36053731914816817,6.978807553901824
2023-10-30 13:00:00,3.576,5.698,33.27,44.38,3.78155,572.1416666666667,0.0,13,2023-10-30,4.6370000000000005,38.825,0.5202645060635498,8.632302299541186
